 ,好,的,我會,打電話,去,問問,可不可以,合,併,結帳,，,我訂,的,是
 ,日月,千禧,跟裡面,的,牛排,館,，,不,知道,有,沒,有,版友,曾,經入
 ,住過
 ,日月,千禧,自助餐,廳會問,是否,入,房帳,，,別,的,餐廳,不,清楚
 ,了
 ,一般,四星,和,五星,級,飯店,都,可以,入,房帳,。,台灣,飯店,，,住宿
 ,房客,吃,飯,通常,會,有,折扣
 ,台,中,日月,千禧,這種,高檔,的,飯店,沒有,意外,是,可以,入,房帳,的
 ,。,退房,再,一起,結帳,就,好,了
 ,義大,皇家,房客,打,8,折, ,：,）
 ,長,知識,惹
 ,依卡機,而定
 ,下一個,百貨,公司,的,美食街
 ,看,發票,開,哪家,就,那種,喇
 ,百貨,跟,餐廳,是,同一,類, ,沒,這問題,吧
 ,看卡機,的,code
 ,所以,要,打電話,去,飯,店問,他們,餐廳,的,code,嗎
 ,可以,先問, ,不過,通常,大部分,店員,不,懂,這個,玩意, ,所以,還是
 ,得,賭, ,科科
 ,可以,問啊, ,前提,是,店員要,聽,得,懂,這是,什麼,XD
 ,中小,飯店,感覺,可以,賭去,旅行, ,大型,飯店,餐廳,覺得,要,餐廳
 ,這種,通常,只能,肉身,測試
 ,彰銀,的,line,通知,會,有,MCC, ,code,可以,用來,小額,測試
 ,前提,要,有,彰,銀卡,啊, ,XD
 ,如果,餐廳,願意, ,你,就,拆,一筆,小,的,用彰,銀刷,再,決定
 ,彰銀是,分類,刷,最佳,測試,良伴, ,而且,my,樂,自己,刷,餐廳,回饋
 ,也,不錯, ,來卡版,就是,都,辦,啦,~
 ,賭輸,就,差,了,10,倍,回饋
 ,像,這種,在,百貨中,的,，,商場,中,的,餐廳,，,你,問銀行,他,也,不會
 ,知道,，,所以,除非,是,那種,獨立,餐廳,的,，,不然,最好,有,心理
 ,準備
 ,掛房帳,跟,房帳,一起,結,。
 ,問,就是,掛房帳
 ,沒別,張卡,嗎
 ,只能,問飯,店
 ,2,月,吃,喜來,登,12,廚切趣,旅行,有,3%
 ,上次,才,打,電話問,客服,這個,問題
 ,客服,說,只能,刷卡,前先問,店家,，,或是,先請,店家,幫,你,刷,1,元
 ,，,然後打,電話給,客服,問剛剛,那筆,的,登記,類別,......
 ,上次,刷餐,酒館,結果,店家,是,登記,酒吧,，,所以,沒領,到,3%,QQ
 ,多數,可,住宿,星級,飯,店裡面,餐廳,都,不算,餐廳, ,沒有,cube,之
 ,前,不少,銀行,的,信用卡,針對,餐廳,類別,有些,餐廳,加碼,已經
 ,排除,飯店,了,通常,寫,在,注意,事項, ,，,而,連鎖,百貨,美食街,（
 ,sogo,/,三越,）, ,通常,綁,在,百貨算,百貨,",", , ,遠百,或是,一些,獨
 ,立百貨, ,美食街,有,時並,不是,百貨, ,如中友, ,美食街, ,請款
 ,連中友,字眼,都,看不到,，,而遠百, ,有些,又,外,包給,“,大食代
 ,”,請款,有,時,也,沒遠百,字眼
 ,一般,我,是,用,發票,上,飯店,名字,還是,餐廳,/,百貨,名字,來判斷
 ,掛,房卡,帳,，,然,後,退房,後,，,在,飯,店櫃,檯,結清,。
 ,前提,你,是,房客
 ,他,有,「,入住,飯店,」,啦,～, ,XD
 ,看收,單機構,的,設定,，,只能,事,後,知道,。
 ,彰銀,那,招好,神
 ,一直,沒機會,用,my,樂感覺,可以,拿來,用,了
 ,之前,是,用,永豐大戶,肉測,屏東,H,會館, ,餐廳,發票,說,是,開,H,會
 ,館, ,結果,出來,是,被,認列,餐廳, ,只,拿,2%,基本,回饋
 ,福容,餐廳,可用,台灣,pay,掃碼,",",sny10%,＋,2%,有貨
 ,之前,吃,了,達,渥斯,磨坊,跟菊乃井,？,鰻魚,飯,發票,都,是,飯店,，
 ,所以,我,都,是,切趣,旅行,有,拿到,3%
 ,確實,前提,是,要,你,是,房客
 ,如果,可以,掛房帳, ,是,最,方便,的
 ,去年,刷,歐洲,3%, ,退稅,沒,負向,回饋
 ,那,綺,不是,退稅,神卡來,的
 ,…,…,那,你,幹,嘛,不用,沒有,回饋,的,VISA,金融,卡退,？
 ,人家,想,抵,（,之,後,的,）,刷卡,吧, ,XD
 ,沒錯, ,在,下,有,大額,分期,消費, ,加上, ,萬事達,的,匯率,較,優,，
 ,很棒,的,消息
 ,之前,有,一篇,跟,你,這個,類似, ,不過,他,是,選到,回饋,少,的,刷,回
 ,饋多,的,退, ,結果,被扣,比,原本,刷卡,還多,小樹點,XD
 ,我,都,用,花旗,mc,金融,卡退, ,嗚,嗚,嗚,快,沒,了
 ,退稅,用師,父卡,已經,不,流行,了,嗎
 ,不是,每個,人,都,有,海鮮卡,啦, ,XD
 ,金融,卡退,拿到,錢,還是,可以,繳卡費,啊
 ,富邦,悍將,mastercard, ,debit,似乎,找,不到,任何,回饋, ,可試
 , , , , , , , , , , , , , , , , , , , , , , , , , , , , , , , , , , ,活動,以外,回饋
 ,小心,被,扣回,3%,小樹點, ,嘻嘻
 ,那個,是,國際,組織,的,規矩, ,可以,搜狗,visa,跟,master,就,知道
 ,海鮮卡,是,哪張,？
 ,海鮮,=,seafood,=,樓上,說,的,師父,啊, ,XD
 ,應該,不會,扣,到,3%, ,我,今年,才,辦卡,呢,。
 ,元,大海,鮮卡, , , ,海外,退稅,退稅,神卡, , , , , , ,聽起,來,有趣
 ,樓上,各位,業力,引爆,哦,XD
 ,退稅,神卡,是,花旗,debit,好,嗎,XD,可惜,要,變成,歷史,了
 ,退回,帳戶,拿,現金,繳卡費,不是,更好,？,！
 ,帳戶,比,較,好, ,不過,考量,退手續,費和據,說,匯率,有,差, ,大家,偏
 ,好,mastercard,而,非,visa, ,然,後,debit,卡,大多,是,visa, ,所以
 ,花旗,(,非財,管戶,),和,富邦,的,零,回饋,MC, ,deibit,才,會,稱,神卡
 ,有些,帳戶,有,外幣, ,debit,卡應,該,就,直接,退外幣,吧,？
 ,這就,不知,了, ,疫情,前,debit,卡連結,外幣,帳戶,是,蠻,稀有,的
 ,大部分,都,還是,扣,台幣,退,台幣
 ,不過,星展,有,公告,合,併,後,也,會,推出,MC, ,debit
 ,不,確定,484,零回饋,就是,了
 ,我,記得,去年,花旗,有個,連結,外幣,帳戶給,回饋,的,活動, ,這樣
 ,就,沒,匯損,可以,之後刷, ,不過,就,可能,要,扣回,饋,了
 ,還行,吧
 ,https,/,/,i,.,imgur,.,com,/,8fdJbOQ,.,jpg, , ,前,幾天,退,的,算,一
 ,般,消費
 ,系統,&,客服,的,問題,吧, ,外送,限制,只有,這個
 ,https,/,/,i,.,imgur,.,com,/,dUtWj90,.,png
 ,每次,看到,心好,累,就,想,笑,，,到底,是,人,在,累,？,還是,心,在,累,？
 ,看,了,很,久, ,我覺,得,是,外,送,平台,的,鍋, ,她們,很常,搞,不同,方案
 ,或,請款,模式,/,名稱, ,還有,行動,支付,不是,行動,支付, ,科科
 ,sny, ,LP,請款,名稱,沒有,連加,就,不是,LP,喔,：,）
 ,無腦,真不錯
 ,我,也,想,知道,餐廳,要,怎麼,判定,，,以前,刷過,都,是,一般,消費,，
 ,後,來,吃,的,都,刷別,張卡
 ,cube
 ,外送,我,都,永豐大戶, ,簡單,暴力
 ,可惜,永豐小戶,6000,封頂, ,常幫,同事,訂外,送,還要,控制,上限
 ,＼,神卡,／,＼,月,刷,百萬,／,＼,神卡,／
 ,那,就,代表,這張,卡,不,適合,你,，,放手,吧
 ,他,明明,在,幫,cube,說話, ,2,樓有,認真,看文,嗎, ,護航護,習慣,了,?
 ,不過,還要,記得,當天,刷,了,哪些,再,決定,切到,哪個,權益, ,再,快
 ,也,要,一分,鐘吧, ,還是,依,消費,習慣,辦合適,的,無腦,卡,就,好
 ,切換,卡片,比較,方便, , ,不用,浪費,時間
 ,跟,這篇原,po,一樣, ,有,n,張,主力,卡, ,這張,就,拿,來,當補,洞卡
 ,明明,就是,商店,回報,的,消費,日,跨,日, ,不是,請款,日,跨,日,=, ,=
 ,比較,常,消費,的,地方,可以,利用,儲值,，,像,我,就,麥當勞,跟,寶
 ,雅之類,的,就,儲值,一些,，,這樣,就,不用,特地,切來切,去
 ,到底,要,幾篇,…
 ,就,一,張業,配過,譽,的,卡,，,現在業力,引爆,剛好,而已
 ,手腦,並用,的,卡,~
 ,不,知道,接受,/,嫌棄,cube,卡,消費要,切換,的,人,",",是不是,也,習慣
 ,切換,/,不關,信用卡,國外,交易,功能
 ,好市,多,一役,戰敗,後,，,公司,說,要,好好,護航僅,存戰果,，,所以
 ,開始,蝦,虎,有,多,棒,，,給腦,波弱,消費者
 ,就,拿,來,刷,全聯加,減配,啊, ,其他,卡,又,沒,優惠
 ,要,切換,真的,是,有點,不習慣
 ,幾歲,了,還在,非,A,則,B,，,都,看得出,來多數,人,在,補充,用法
 ,分享,用法,就,被,歸類,成護航,，,別,這樣,澆,熄,人家,的,熱誠
 ,怕,出錯,就,少切換
 ,用久,就,知道,哪些,通路,有,回饋,了, ,自助,油價,+,回饋,7%,不香,嗎
 ,我,也,都,是,分散,刷,，,只有,回饋,特別,多,的,會,用,cube,，,基本上
 ,大型,活動,加碼,臉書,的,非官方,社團,都,會,有,推播
 ,分享,的,用法,就,很爛, ,其他,卡能,取代, ,而且,一直,說,啥,無腦
 ,刷, ,騙人
 ,每天,2300,設定,鬧鐘,，,提醒,自己,計算,哪種,消費,高,，,就,切換
 ,哪類,，,可寫,程式,自動,記帳,計算
 ,趣,旅行,用大戶,卡,還比,較,爽
 ,本來,是,全聯,專武,，,但,以後會,被,GOGO,幹掉
 ,大戶,的,6000,元額度,已經,拿,去,給全,聯用,了,，,是,全聯真,專武
 ,Cube,就,變成,旅遊,專用,卡,，,而且,現在,飯店,住宿,這麼,貴,，,幾
 ,乎,都,超過,6000
 ,這張,拿,來,刷,百貨,商店,街餐,廳,好,用,，,不用,考慮,是,百貨,還是
 ,餐廳,，,不用,肉測,刷卡,機,是不是,百貨,的
 ,好奇,來卡版,的,，,只會,有,一,張卡,嗎,?, ,不,都,是,多,卡切換, ,XD
 ,謝謝,，,可,列入,百貨餐,廳,無腦,專武
 ,我,是,統一,企業,就,用,CUBE,、,網購,LP,就,黑狗,、,實體,就,J,卡
 ,備用,就,玉山,熊,跟,富邦,數位,，,現在,哪,一張,都,無法通,吃,啊
 ,只用,統一,企業,跟,活動,加碼, ,其他,有,更好,的
 ,如果,百貨餐,廳,沒,有,linepay, ,或,街口,時,可用
 ,上次,在,大江,的,餐廳,刷,，,原本,用,SPORT,卡結果,刷卡,機感應
 ,就,有人,會,很天,真的,想用,一張,卡,打,全部,啊, ,XD
 ,故障,不給,刷,，,後,來,要,拿,三井,卡要,刷,餐廳,，,還好,有,想到
 ,無,上限,拿來,補洞,很,好,用,，,拿,他當,主力,根本,在,整,自己,。
 ,刷卡,機,好像,是,算,大江,的,，,還好,有,想到,改換,CUBE,，,後,來
 ,拿到,簽單,確定,是,大江,的,，,差點,被,陰到
 ,我,都,常,駐集,精選刷,超商,跟,全聯好,用,，,出國,在,切換
 ,出國用,永豐幣,倍,卡,也,一樣,，,加碼,4%,最高,7500,元,，,訂個,飯
 ,店,就,爆,了,，,剩下,只有,2%,，,那還,不如,用,其他,卡
 ,CUBE,就是,專武卡刷,爆,的,備胎,卡,，,總是,會,有,臨時,要,刷,大額
 ,的,需求
 ,不好,用,(,X,), ,不會用,(,O,)
 ,而且,登入,APP,還,有加,碼券,可以,領,，,建議,常常,登入,看看
 ,很多,卡有,上限,就,不,心累,嗎, ,規則,抓好,cube,好用,的
 ,他們,就,刷,不了,那麼,多, ,當然,覺得,不好,用
 ,無,上限,刷,超過,百萬,其實,挺,有感,的
 ,好,了, ,上班,時間,到,了, ,趕,快回去,上班, ,不要,再,攻擊,批評,的
 ,客戶,了, , ,連客,戶刷,不了,那麼,多,這種,話,都,說,得,出口
 ,去,大江,吃飯,當然,用,大江,卡滿,1000,回饋,120
 ,刷,1%,無,上限, ,也,用,不到,這張,卡好,嗎,…
 ,無,上限,卡多,的,是
 ,大江,回饋,的,120,電子券,一堆,限制,ㄟ
 ,3%,無,上限,超爽, ,最近,出國刷,超過,10,萬,哪張,卡比,CUBE,強,?
 ,好奇,同證號,有,兩張,cube,能,成功,各自,切,不同,權益,嗎
 ,不行, ,權益,歸戶
 ,要,每個,客戶,每個,月,刷,百萬,…
 ,＼,神卡,／,＼,神卡,／,＼,神卡,／
 ,旅遊業,辦,這張,超爽,的, ,幫人訂,房還,無,上限
 ,真的, ,不會用,的,人才,會覺,得,難用,跟,麻煩
 ,CUBE,卡,就是,一枚,活棋,。
 ,不是,每張,卡,都,適合,每個,人,，,如果,覺得切,來切,去,心,很,累,，
 ,那,就是,這張,卡,不,適合,你,，,放手,吧
 ,好麻煩,的,卡,：,）
 ,旅館,專武
 ,有,中油,6%, ,Klook7%, ,大樹,買,奶粉,尿布,還有,8%
 ,前,幾天,搶,到,陳,奕,迅, ,拓元,售票,還有,7%, ,雖然,有,上限, ,但,如
 ,果累積,起來,消費,也,是,超香
 ,爛卡, , ,不,值得,用
 ,匯豐,3.2%,好用,很多, ,無,通路,限制
 ,大江,卡,的,券,超鳥,，,除了,要,隔,月,用,，,餐飲,跟,大櫃,也,不能,用
 ,平常,只會,跟,同事,去,聚餐,跟,看,電影,完全,用,不到
 ,大江,卡剩,臨時,看,電影,沒,拿到,團體票,現場,買,有,9,折
 ,這張,主要,就是,無,上限,吸引,人,，,權益,不會,太常,切換,，,要,硬
 ,在,那,邊記,也,真的,心累
 ,最近,剛好,刷,機票,、,飯店,，,還有,快速,通關票,很,好,用,啊
 ,這張趣,旅行, ,是,我,大戶,和,聯邦,M,之,後,的,選擇, ,光靠,大戶,一
 ,下,就,爆,了
 ,小心,再,捧,此卡,的,在座,各位,一律,都,是,國泰員工,喔, ,噗
 ,出國,刷卡,是,國外,消費,，,flygo,也,是,3%,無,上限
 ,大江,的,券確,實要,看,消費,習慣,，,我,喜歡,的,櫃,可以,配合,抵掉
 ,活動,本意,就是,帶動,小櫃業績
 ,所以,只要,是,連鎖,餐廳,大江,有,的,我,就,選,大江
 ,這張,每日,切權益,真的,有,時候,會,忘, ,但,辦,了,一張,給長,輩, ,專
 ,門給,他們,刷百貨,公司,其實,還是,蠻合,的
 ,我,都,刷,icash, ,icp, ,不然,就,集精選, ,偶爾,刷刷,Klook,再切
 ,換
 ,的確,CUBE,卡出,國玩,還不錯,，,去,日韓,算是,高回饋,的,一張
 ,才,發現,Cube,轉帳,免手續,也,被,砍,…,.
 ,目前,小戶,想,無腦, ,就,平日,吉鶴,2%
 ,假日,giving3%
 ,借問,這張,刷百貨,分期,還有,回饋,嗎,？
 ,可是,全聯,不能,升級,全,支付,對,吧
 ,用全,支付,就,沒,3,趴,了
 ,習慣,規則,這張,還行,啦,，,趣,旅行,日韓,3%,無,上限,算不錯,的,了
 ,機票
 ,無,上限,3%, ,真的,很爽
 ,大戶, ,6000,爆,了, ,該,改叫,小資,吧, ,什麼,大戶,..
 ,只當,全聯,+,外送,卡
 ,其實集,精選,那麼,通用,也,不用,一直,切換, , ,如果,有切換,的
 ,話,自己,再,多,預留,幾天入,帳時間,再切,回來,即可
 ,全聯用,foodpanda,或,JCB, ,10%
 ,輪,不到,這張,卡
 ,適合聰,明人,的,一,張卡
 ,還是,用,吉鶴簡,單點
 ,待會,有人,要來,攻擊,你,了
 ,如果,只是,拿來,當作,第二,或,第三,選項,的,卡片,，,其實,都,是,很
 ,簡單,，,我,只,拿,來,加油,和,住宿,，,切換,模式,就,只有,二個,。
 ,其他,很多,卡個,別,，,甚至,基本功能,都,好過,這張,，,或,差異,不
 ,大
 ,等等,會,被,說,不會用,就,乖乖,無腦,卡,XD, ,（,個,人,也,不,推,）
 ,只刷趣,旅行,根精選, ,沒煩惱
 ,家人,各辦,一張,就,沒,煩惱,了,，,燒腦,也,是,一種,門檻
 ,一天,只能,切,一次,很,不,方便,",",能,開放,一天,切,三次,就,變神卡
 ,你,這張,選單,一種,使用,就,好,，,其他,卡拿來,搭配,，,這張,本
 ,來,就,跟,他,卡配,著用,。
 ,推,最,後,一句
 ,都,只用,集精選,，,輕,鬆
 ,我拿來,中油,直營,7%, ,不切,了
 ,我覺,得切,來切,去,，,浪費,時間,，,所以,乾脆,不辦,了
 ,事實,就是,賭,你,忘,記切換
 ,這張,卡規矩,很多,，,分類,好,幾類,，,為,了,幾塊,錢,，,切來切
 ,去,，,研究,半天,，,把,注意力,放在,這裡,，,真的,很,不划算
 ,這張,燒腦外,還要,記得換,權益,，,如果,不,確定,商店,是,認證什
 ,麼,最好,使用,別,張卡
 ,等等,會,有人,說,懂得,就是,神卡, ,阿,我,就,不想,懂
 ,少,刷卡,的,人,這張,才,是,神卡,，,像,我,一週,最多刷,1,-,2,筆
 ,不想,為,了,各種,不同,的,通路,辦,很多,張卡,，,cube,就,很,方便
 ,聯邦,我,大哥, ,夕鶴卡,無腦,外還,直接,幫,你,折,帳單
 ,各種,通路,都,有,(,雖然,不是,回饋,最多,)
 ,網購,(,玩數位,),、,加油,(,集精選,),、,icash, ,pay,，,偶而,來,回
 ,借問,CUBE,分期,的,話,還有,回饋,嗎,？
 ,小孩子,才,做,選擇
 ,還要,記得,打,電話給,客服,補點,...,簡直,手腳,頭腦,並用,了,~
 ,3%,無,上限,好用,啊, ,最近,買,相機,十幾萬,回饋,超多, ,而且,電商
 ,加碼,登入,名額,又,大方
 ,對少,刷卡,的,人來,說,這也,不是,神卡, ,像,加個,油,還要,找,中油
 ,"""",直營店,"""", ,否則,只有,0.3%, , , ,還要,花,時間,找,直營
 ,不過,中油,加盟店,有,折價, ,一,公升,折,1,~,1.5,元
 ,還是,找,張,在,各,加油,店,都,有,回饋,的,比,較,實際
 ,加油,我用,遠,銀樂家,比較,泛用
 ,出遊,的,話, ,加油, ,/, ,國內,餐廳, ,/, ,國內,住宿, ,都,在,不同,權益
 ,除非,都,不,出門, ,然,後,生活,只,在,公司,-,住家, ,而且,途中,都,是
 ,中油,直營店,或者,只,搭大眾,運輸, , ,這樣,這張,才,會,是,神卡,XD
 ,否則,還是,去,辦,專門,的,高,回饋,卡比,較,實際
 ,這張,卡,我,是,平時,for,小七,，,其他,都,隨緣
 ,cube,還要,開,app,切換,權益, , ,我,直接,切換,卡片,就,好,XD
 ,你,不會辦,兩張,就,好,了
 ,不,就,切換,當天,只,刷,有,回饋,的,消費, ,有,這,麽,困難,嗎
 ,1,天,就,1,種優惠, ,很難,懂,嗎
 ,網購,刷,前選,了,趣,旅行,，,回饋,只有,0.3%,，,後,來,發現,app,內
 ,有個,很,細小,的,說,明欄位,，,海外,僅限泰國,新加坡,等國,，
 ,打,去,客服,爭取,無效,後,，,果斷,剪卡,，,太,累人,了,。
 ,中油,直營,還好,啦,，,通勤,路線,固定,，,路上,哪裡,有,直營,都,清
 ,楚,，,路過,用,一下,算,方便
 ,還是,那句,話, ,不好,用,其實,也,沒人,強迫,你,用, ,剪卡,心情,也,會
 ,比較,舒服, ,至少,登錄,也,可以,恢,復,以前,好,搶,的,情況
 ,至於,好不好,用, ,神不神卡, ,不如,問問,自己,，,依個,人,的,消費
 ,習慣,和,如何,用,自己,去,衡量, ,不然,怎麼,會,有,大家,口中,的,無
 ,腦神卡,出現, ,什麼,卡,都,有,他,的,定位
 ,這張,我,固定,在,集精選,，,拿來,加油, ,&, ,全聯,使用,而已,。
 ,其他,用吉鶴,，,現在,在,想,網購換,哪張,更好
 ,應該,講更,方便,就,好,，,不,一定,要,最高,回饋,，,但,方便,最好
 ,切換,權益,是,歸戶,吧,，,就算,有,兩,張卡,也,是,同一,權益,啊
 ,好,複,雜,，,還是,狗,卡,3.8,無腦用,好,了
 ,看吧, ,接近,12,點就會,有人,來,攻擊,說,難用,的,人, ,XD
 ,神秘,時段, ,1200,跟,1700,左右
 ,辦卡來,被,卡,玩, ,笑笑
 ,中油,直接,永豐,sports,卡,gp,或,ap,感應,付款,8%
 ,這張,真的,很累
 ,還,sports, ,有些,人連,手指,動動,切權,益都,懶,了, ,還運動
 ,笑死人
 ,國泰,開放,一人,可以,辦此,卡五張,不,就,好,了,，,煩
 ,平,常常,駐集,精選,就,蠻,好,用,的,啦,，,除非,有長,途,出國,再,說
 ,高回饋,無,上限,cube,還,可以,啦,，,弄懂,規則,還算,好,用
 ,覺得,不好,用,就,剪卡,阿, ,真的,不,需要,眷戀,吧
 ,信用卡,很多,阿
 ,你,就算,有,5,張,cube,",",同時,只能,1,種,方案
 ,現在,連難用,都,不能,講了, ,只能,默默,剪卡
 ,說,實話,他,規則,就,那樣講,明白,了, ,不爽,不要,用,就,好,了
 ,國泰,這規則,根本就是,在,搞,用戶
 ,都,知道,要切,換覺,得,麻煩,就,不要,申請,阿
 ,沒申,請,啊, ,他,自己,強制,寄來,的
 ,接下,來要,怪客,戶,不,提早,打電話,拒絕,換卡,嗎
 ,就,難用
 ,搞用,戶還,搞,自己,公司,客服
 ,都,留在,集精選當,相關,通路,的,專用,卡,就,好,",",會來,卡版,的,卡
 ,一定,一堆,阿
 ,爛, , ,難用
 ,這,家人,一起,辦, ,一任,選一種,權益, ,給,各位,參考
 ,找
 ,看到,還在,那邊,扯員工,的, ,笑,死, ,這卡,真的,很爛, ,大家,趕快
 ,剪一剪, ,不然,這個,月,害,我,第一次,登錄,不到,OPEN,錢包,欸
 ,信用卡,那麼,多, ,別,拘泥,在,國泰,這家,身上
 ,刷,較,高額度,再切,就,好,，,比較,輕,鬆
 ,不請,自來,的,卡,，,一,收到,就,剪,囉,爽
 ,機車,加油,神卡,",",ApplePay,加,50,",",3%,+,3%,+,1%,回饋,2,+,2,+,1,=,10%
 ,日子,要過,輕,鬆,就是,隨便,刷,，,有,回饋,就,好
 ,一個,月,刷,5,萬,，,回饋,差,1,％,也,才,500,而已
 ,一開始,也,覺得,規則,麻煩,，,後,來習,慣後用,起來,就算,順
 ,回饋,跟,其他,張卡,比起,來,也,算,高,的
 ,規則,搞懂,還,可以,吧,?,集精選當,全聯,全家,高回饋,專武,就,好
 ,切,方案,真的,真的,不是,給,一般,人,玩,的, ,為,了,3%,回饋,太過,複
 ,雜
 ,但是,連活動,都,變得,必須,搶, ,卡友,真的,比,以前,多,/,積極, ,大
 ,家,真的,要少,刷,才能,催國,泰加,碼
 ,記得,辦,cube,卡, ,不要,選,combo,卡, ,不然,很難,辦多張,附卡用
 ,免切,換神招
 ,對,啊,，,又,不是,整體,閑,閑,沒事,幹
 ,其實,都,是,不會用, ,不是,不好,用
 ,加油卡,有分,無腦加, ,跟,燒腦,的, ,cube,好像,不是,所有,加油站
 ,都,有,回饋
 ,講,真的, ,無腦,就,J,卡, ,cube,超香, ,而且,還有,額外,回饋
 ,刷大樹,藥局,回饋,8%, ,搭買,紅利刷,奶粉,根本,神卡
 ,基本上,我,都,卡,在,集精選,。, ,樂,饗,購趣,旅行,直接,J,卡,就,好,了
 ,又,沒差,很多, ,也,才,0.8%,也,不是,每天,逛百貨,明天,去,旅行
 ,切,了,之,後,也,沒,看到,回饋,很,無言, ,後,來,就,直接,冷凍,了
 ,就,說,了,是,看,當天,235959,前,最後切換,的,權益,來算,當天,的
 ,.....
 ,消費,回饋, ,連沒卡,的,我,都,會,背,了, ,科科
 ,不然,你,以,為,大家,怎麼,會,說,這張,很,難用,XD, , ,若,是,你,想,的,那
 ,樣, ,就,真的,是,神卡,了
 ,超哭,的,，,我,自己,為,很,神, ,當天,轉換, ,狂,消費,…
 ,對, ,這張,難用,的點, ,就是,一天,之內,很多,消費,的,話, ,也,只能
 ,選一個,權益, , , , ,第二,個點,是,請款,日,延後問題
 ,我,只能,說, ,客服,真的,很,有,耐心,聽,我盧,洨,…
 ,還是,要,有別,的,主力,卡, , ,這張,只能,當陪,襯,的,綠葉卡
 ,不是,請款,日延,後, ,而是,時區,問題,吧,？
 ,常,旅行,的,話,去,研究,一下,永豐,的,大戶,卡
 ,#,1ZmuDtR,_, ,(,creditcard,), , ,好像,也,有,晚,請款,問題,?
 ,這張,真的,超難用,，,誰,還要,跟,你,切換,權益,，,當然,是,分卡刷
 ,這家,規矩,毛,很多,，,讓,人,吃,不到,。,廣,告倒,是,超,用力
 ,神邏輯
 ,就,想,說,一天,有,一次,轉換,，,反正,我,只要,當下,刷卡,有配,對,就
 ,好,，,沒,想到,是,以,當日,最,後,一次,為,基準,回,推
 ,當天,！,當天,！,當天,！,！,！
 ,這張,當備,用,卡,就,好,了,，,當,主力,卡刷,的,綁,手,綁,腳,。
 ,這張,我後來,都,不切,了, ,用來,補足,其他,卡,沒,有,的,通路,就,好
 ,不要,再用, ,選,我,正解
 ,說實,在,的,3%,也,沒,很多, ,切錯,了,還會變,0.3%, ,XDD
 ,原來,是,當日,最,後, ,不過,我,都,沒,有,刷,這張
 ,明知,山有,虎,偏向,虎山行
 ,就,只有,icash,繳費,2,千
 ,就,很爛,的,卡,啊
 ,這張,卡其,實是,給哩,程派,的,",", ,3%,不如,用,其它,.
 ,等等,五點,半員工,就,來,攻擊,說,這張爛,的,人,惹
 ,這張,就,陷阱,卡,，,不然,你,以,為,國泰幹,嘛,拼命,推,這張
 ,寫,那麼,清楚,怎麼,自以,為,的, , ,=,=
 ,玩,信用卡,本來,就要,自己,搞清楚,規則,啊
 ,放集,精選, ,儲值,個,全聯,就,好,了
 ,我,也,用,icash,繳費
 ,一堆,人真,好笑, ,自己,不,看清楚,規則, ,再來,怪,人家,有,陷阱
 ,辦卡,跟,用,卡前,不先,搞懂,規則,？
 ,講,很,多次,，,cube,不是,無腦,卡
 ,來,分享,一個,陷阱,，,麗寶,OUTLET, ,跟, ,麗寶樂園,是,分屬
 ,不是,陷阱,，,是,本來,就,很,難用,，,可笑,的,一,張卡
 ,不同,權益,喔,，,上次,同一天,就,中招,了,。
 ,旅遊,消費,找,互補,的,吧, ,尤其,出國類,消費用,這張,很爛, ,你,一
 ,堆飯,店,錢,都,要,等,請款
 ,這張,真的,很,難用
 ,全聯有,台,新,1,卡通,10%,辦來,買,",",真夠,爽,",",儲啥
 ,這張,只用,集精選,",",其他,當沒有
 ,國內,旅遊,也,很,不好,用, ,因為,國內,餐廳,跟,飯店,不同,權益
 ,人家,是,請款,日,跨,日,還有,得爭,，,你,這個,無法,同情
 ,加油,停車, ,/, ,國內,餐廳, ,/, ,國內,飯店, ,都,不同,權益
 ,哇,靠, ,我,不,知道,耶, ,感謝,試錯
 ,只,拿,來當,加油卡,而已
 ,這張,卡,都,已,經出,了,這麼,久,了,，,就,跟,你,說,它,是,需要,切換,的
 ,你,要,刷卡,時,就要,多,思考,一下,，,如果,不喜歡,這種,方式,，,就
 ,換別,張卡刷,，,又,想,賺,高,回饋,又,嫌東,嫌西,的,，,那,就,別用
 ,他,也,不能,像,花旗,超紅,每個權,益都,辦
 ,就是,很,智障,要,一直,轉我才,不辦,這張
 ,是,很,麻煩,，,的,確看,當天,，,另外,還有,時差,問題,，,我,30,號半
 ,夜,2,點刷,trip,.,com,當天切,換趣,旅行,，,但是,消費,沒,回饋,到
 ,只能,請,客服,人工,補點
 ,你,的,不,方便,才,會,有,獲利,",",其實,要,做到,即時,跟,卡片,管理,一
 ,樣不難,",",就是,不要
 ,我覺,得,不會,很,難,啊,，,就,設個,鬧鐘,2355,分,，,回想,你,今天
 ,大部分,刷,了,什麼,，,轉換,那個,方案,就,好,。,我,不,懂,為,什麼,要
 ,前一天,設,明天,的,方案,？
 ,所以,好市,多換給,我,我,就,剪掉,",",現在,用,星展,eco,卡好,刷,不
 ,用想,太多, ,信用卡,誰給,你,方便,不是,讓,你,燒腦用
 ,真的,麻煩, ,很,容易,忘記
 ,這張,沒有,特殊,活動,根本,不會用
 ,如果,真心,要,高,回饋,",",就,分台幣,跟,外幣,只要,消費,就算,",",需
 ,要換,來換,去,？
 ,趣,旅行,把,保養,車子,的,回饋,拿掉,真的,很,可惜,QQ,...
 ,旅遊,換別,張卡,啦,！,這張,放,精選,刷刷,便利店,就,好
 ,有夠,哭,的,燒腦,卡
 ,還要,設鬧鐘,XDDD
 ,台灣,人,很,好笑,的,是, ,永遠,有些,人幫,資方,或,企業,說,話
 ,制度,爛,或,規定爛, ,只要,有人,批評, ,就,會,被,一些,人,攻擊, ,都
 ,不能,批評,的, ,那心態,跟,中國人,好像,XDD
 ,正常,來,說,就是,有,批評,才,會,促使,進步, ,結果,某些,人,的,護航
 ,只是,讓,人,不敢,說,真話,&,讓,資方,或,企業,停滯,不前
 ,本來,就是,看,最,後,2359,時,的,類別,不是,看,刷卡,當時,啊
 ,啊, ,過了,五點,半,了, ,難怪, ,員工,下班,了,開始,戰批,評者,XD
 ,滑坡,滑,的,有夠,遠,XD, ,覺得,制度,爛當初,辦卡,的,時候,就,不要
 ,簽名,，,你,簽名,代表,同意,銀行,的,玩法,好,嗎
 ,這張,不是,刷,icashpay,/,icash2.0,/,open,錢包,就,好,了,嗎
 ,首刷,禮達成,後,就,沒刷過,這張爛,卡,了
 ,統一關,係,企業,專用,卡
 ,我,也,踩過,一次
 ,還好,那天,的,Agoda, ,我後來,都,退訂,了
 ,本來,是,拿,來,買,遊戲, ,現在,就是,買書店,/,高鐵,/,小七會,用
 ,所以,我,只用,無腦,卡,～
 ,除了,趣,旅行,時間,常不準,外,，,其他,我覺,得,不會,很,難,吧
 ,是,這樣,那,真的,很,難用,欸, ,momo,刷,了,一筆,24900,的,毀了
 ,請,看清楚,遊戲,規則,再,來,玩
 ,這張,是不是,刷卡,時間,是,看,公司地址,啊,？,明明,切對,但,公司
 ,是,西班牙,…,.,台灣,跨,日,但,那邊,還沒, ,變,沒,回饋
 ,無腦,如,我,直接,pass,這張,卡,XD
 ,無腦集,精選,就夠,了
 ,這張,真的,難用, ,優惠,也,愈來,愈少,了
 ,想,也,知道,當天,......, ,你轉,了,刷,完後面,換別,的,再,刷,系統
 ,看來,國文要,加強,一下
 ,幾乎,沒切過, ,當,特定,卡用,就,不會,有,這些,奇奇怪怪,的,問題
 ,ㄌ
 ,這張, ,我,只,固定,用,一個,權益,，,從來,不變
 ,很,難用, ,趕快,剪卡, ,別,跟,我,搶,登錄
 ,不看,遊戲,規則,的,還是,去,玩,無腦,刷
 ,問題,現在,就,沒,有,無腦,3%
 ,要是,有無腦,3%, ,cube,就,可以,剪,了
 ,所以,我,完全,不想,換發,這張
 ,你,可以,吉鶴
 ,cube, ,就是,要,至少,四張,，,各自,鎖定,四,方案,都,不要,切
 ,我,已經,精選輯,半年,了
 ,吉鶴,不算,加碼,規則,也,就,2%
 ,我,也,不,懂,為,什麼,這樣,玩弄,顧客,，,可能,想省,1,/,4,的,成本,，
 ,但是,會,激怒,3,/,4,沒,拿到,優惠,的,客戶,吧
 ,這張,我,是,跟,吉鶴卡,搭配,用,，,剛好,一,張用,在,超商,和,加油,（
 ,集精選,）,，,一張,超商,外用,（,超商,被,排除,在外,）,~
 ,大家,可以,打,客服,打到,設計,方案,的,人,離職
 ,就,會,重新,設計,方案,了
 ,還以,為,是,不同,天,...,就,自己,沒開,清楚,規定
 ,登錄,高,回饋,活動,、,確定,回饋,的,通路,、,切換,規則,看清楚,，
 ,才,刷,CUBE,卡,，,某些,特定,高回饋,很,好,用,！
 ,這張,卡會用,的,人,，,覺得,很,好,用,！
 ,切錯,方案,不,回饋,銀行,賺,死,了,怎麼,可能,改
 ,不想,花腦,筋,的,人,，,可以,固定,在,特定,通路,就,好
 ,這張,卡前,一陣子,卡版,一堆,文章, ,人人,說,神卡
 ,某些,通路,搭配,高回饋,登錄,活動,，,很神,啊,～
 ,持卡,到現,在,刷,了,89,",",463,（,含,icash,加值,、,icash, ,pay,）
 ,目前,信用卡,小數點,8292,點, ,另外,還有,一點點,拿,去,換電子
 ,票券,了, ,想不到,這張,不能,稱為,神卡,的,理由
 ,喔, ,想到,一點, ,國泰,就,不能,好好,把,系統,調到,符合,規則,的
 ,依照,授權,時間,認定,回饋,資格,嗎, ,打,去,客服,爭取,都,拿,得到
 ,點數, ,但,就是,要花,時間
 ,理解能力,有,問題,的,人,真的,不,適合,這張
 ,可能,可以,先從國,中國,文課,開始,學習
 ,傻,孩子
 ,都,只,玩,加油
 ,刷個,卡,還要,扯,到,資方,真的,好好笑,，,遊戲,規則,寫,的,清,清楚
 ,楚,，,沒有,跟,國文,程度,不好,的,一起,罵,國泰,就是,員工,在,洗,地
 ,？,噗,噗
 ,根本,廢卡,啊, ,icash,繳費,好,用
 ,這張,就是,設計,賺,那些,不會切,的,，,想,這個,企劃,的,厲害,XD
 ,其實,大部分,應該,是,會切,在,百貨,權益, ,因為,主力,是,用,在,遠
 ,東百貨,/,遠東,SOGO,之類,的, ,尤其,是,週年慶,等,大檔, ,刷,那,幾
 ,單,3%,-,4%,跟百貨,滿額,贈,/,來電,消費,禮加,一加,就,能,cover,其
 ,他,相,對,小金,額,的,消費,了, ,科科
 , , , , , , , , , , , , , , , , , , , , ,來店
 ,廢卡,一張
 ,這張,卡本來,就,不,適合,一般,人
 ,說,真的,這張,卡,的,精華,就是,集精選,和,icash,與,icp, ,10%,，
 ,其他,當作,沒有,，,玩,一下,活動,可以,，,不要,把,它當,主力,卡
 ,會,比,較,輕,鬆
 ,我,也,曾,為,和,樂,饗,購,跟,集精選,忘,記切, ,損失,了,幾十點
 ,麻煩,就,不要,用,了,吧, , , ,不,適合,你
 ,哭,阿, ,原來,是,看,當天,最,後,一次, ,=, ,=
 ,而,懊惱
 ,alloc,大正解
 ,活動,結束,就,可以,冰起,來,了
 ,我還,真的,不,知道,，,感謝,告知,。
 ,不切,當實,體店,專用,卡
 ,其實,我,覺得,搭配,起來,蠻,好,用,的,，,三月底,活動,刷,Hotels,.,c
 ,om6%,，,其他,可以,用,Linepay,無腦,刷,狗,卡,3.8%
 ,這麼,多人,不會用,？,我,真是,大開,眼界,，,國泰,的,大勝利
 ,不是,不會用,。,是,忘,記切,。,我,還特別,在,卡片,上面,貼,了,提
 ,醒,「,刷卡,前記,得,切換,」
 ,很多,應該,是,舊卡,轉換, ,或是,百貨,公司,被,推,的,吧,？, ,XD
 ,不是,忘,記切, ,是,切,之前,要確,認當天,的,消費符,不,符合, ,P
 ,這張,集精選,以外,的,就,當做,沒有, , ,懶得切,來切,去
 ,中油,自助,+,GP,，,全聯,儲值,，,icash,繳費,，,很,好,用,了,啦
 ,這張,主力,711, ,OP,錢包,、,全聯社,、,中油,直營,，,其它,就算,了
 ,轉換,的,當下,就,有,提示,寫,當天,0,時起,之,消費,都,算,在,切換,後
 ,的,權益,了,，,到底,要,寫,在,哪,才,會,看,…,…
 ,我覺,得,國泰出,這張,是,要,賺,有人,忘,記切,權益,少,拿,回饋, ,這
 ,張,不,適合,一般,人無腦,刷
 ,換長,榮哩程,賣,掉,，,相當,於,3.75,-,4.1%,的,現金,回饋,。,比長
 ,榮聯名,卡國內,消費,划算
 ,一次,的,學費, ,下次,就,不會,忘,了,啊
 ,一開始,大家,都,會,忘,記切,，,所以,優惠敢給,啊,。,現在,用,戶聰
 ,明,了,，,回饋,就,開始,砍,了
 ,現在,里程,爆炸,貴, ,可以,賣到,0.45,了
 ,不是, ,他,改權益,的,時候,不是,都,有,提醒,嗎,0.0
 ,cube,卡網,頁,都,有,範例, ,還搞,錯,可能,要,加強,閱讀,能力,吧
 ,感謝,分享,經驗,…
 ,這張,卡,固定,用,它,回饋,最高,的,權益,就,好, ,其它,消費,你,就,刷
 ,別,張卡,替代, ,也,不是,沒卡,替代,它
 ,這張,記性,不好,的,話,，,比較,適合,固定,在,某個,方案,，,然後刷
 ,相關,回饋,就,好
 ,簡單,說,就是,每天,只能,用,一種,權益,，,不能,看電腦,又,吃,飯
 ,看電影,逛,百貨,才,對
 ,最麻煩,的,信用卡, ,沒有,之一,：,）
 ,我,這,中油,拿滿,上限,後,就,冰,了, ,就,用,其他,主力,卡
 ,真的,是,每次,轉換,前,都,要,想,半天,，,回想,今天,刷,了,什麼,，,等
 ,等,可能,還要,刷,什麼
 ,很多,人,說,難用,我,就,放心,了, ,回饋,別,砍,就,好
 ,dcard, ,卡板,有,7,成,文章,都,是,這張,核,卡文,...
 ,因為,算是,小白,比,較,好,核,的,卡,啦, ,XD
 ,就,選一個,用,就,好,了,有,那麼,難,嗎,?, ,3%,爾,已,是,只有,一張,卡,嗎
 ,持國泰,世界,可換長,榮哩,賣,0.5,，,會,心累,嗎,？
 ,入手,簡單,，,麥當勞,跟,全聯,都,有,3%,，,麥當勞,+,點點,卡,又,10
 ,%,，,算是,補,了,我,消費,缺口,。
 ,常去,的,地方,就是,超商,跟,麥當,勞及,全聯,，,不過,他,大潤發
 ,那種,好像,只有,0.3%,？,我,是,用凱,基刷,超市,跟,大賣場,，,J,卡
 ,已,廢,。
 ,這張,我,都,固定,集精選
 ,恭喜,你終,於,學會,了,。
 ,本來,就是,這樣,阿, ,要持續,到,當天,結束
 ,要,無腦,刷, ,換,其他,間,吧
 ,不,適合,短,時間,切來切,去
 ,我覺,得,某樓,其實,還是,沒有,搞懂,遊戲,規則,欸
 ,最好,你們,都,不要,用,才,不會,又,調爛
 ,沒,再,轉換,的, ,這種,機制,撐,不久,的
 ,回饋,也,沒,多,高,又,燒腦,的,要命,",",有,很多,更優,的,卡,吧
 ,這張,卡,就是,選,你,無法,被,其他,卡,取代,的,權益,，,就,不要,改了
 ,剪,惹
 ,我,這張,就,只,顧一個,方案,了, ,太,多,原因,會,拿,不到,回饋
 ,又,不是,多高,回饋,切來切,去,太傷,神,了
 ,四張,卡,也,沒用,，,Cube,方案,是,跟,著,ID,走,，,多卡連動
 ,就,很爛, ,當時還,一堆,廣告,推文
 ,現在,推,文中,還有
 ,用,這卡,就要,有,心理,準備,會,很,麻煩,，,建議,分卡,處理
 ,可以,a,我,推文,，,就算,方案,正確,，,還有,時間,差,的,問題,喔,！
 ,總,不能,一直,打,客服
 ,這張,真的,難用,，,我,也,冷凍,了
 ,這張,就,加油卡,吧,，,其他,沒用
 ,這張,搭配,國泰,世界,卡,，,算是,目前,的,哩程,神卡,!,!,!
 ,換哩程,後,回算,的,回饋,砍,殺,其他,航空,聯名,卡,或,哩程,信用卡
 ,所以,我,這張,只,拿,來,刷,全聯
 ,加油,都,加,costco, ,或,全國,週三,搭永豐,sport, ,Apple, ,Pay
 ,這張,我,都,拿,來,加油,和,買,蝦,皮,，,日常,開銷,就,吉鶴卡,就,好
 ,這,就是,你,自己,沒有,了解,怎麼,用,了,吧
 ,喔
 ,就是,一張,瘋狂,發葉配,的,爛卡,呀,XDD
 ,這張,我,都,只,拿,來訂,吳柏毅
 ,天真,無邪
 ,我,每個,月,ue3,萬起,+,吃,餐廳,+,超商,，,方案,只切,精選,跟,響樂
 ,，,剛開始,有,大大,推文,說,可,先刷,完後換,日,內切換,就,好,這
 ,句,話,之,後,就,秒,懂,這卡,玩法,，,目前,還沒,失手,過
 ,回饋,弄,得,太,複,雜,打算,冰起,來,了
 ,看似,很,用心,整合,但,卻,非常,的,難用,的,一,張卡
 ,曾經,也,突然,忘記,",",把,權益切,走,",",吃,鱉,過就永遠,記得,了,唉
 ,這張,就,常,駐,同一,個,權益,就,好,，,全聯超,商都,還算,好,用
 ,這張,以,一般,回饋,3%,搭配,世界,卡,，,刷個,16,萬,就,可換,國泰
 ,航空,台北,東京,或,曼谷,經濟艙,來,回,，,若,5%,回饋,更,只要,刷,9,.
 ,6,萬,，,哩程,效果,強大,！
 ,這張,畢竟,高,回饋,，,弄懂,規則,算,好,用,，,平時常,駐要,用,在,切
 ,星展,eco,比,他,好,用
 ,我覺,得,是,他們,資訊部,不會,開發,欸
 ,有,夠爛,的, ,或是,大樹本,來,就,想要,這樣,搞
 ,真的,難用,…,.
 ,我,也,吃,過同樣,的,虧,，,吃,一次,以後就,不會,再犯,錯,了
 ,勸,你,不要,嗆,我們,護板,神卡,喔
 ,我,好,幾次,忘,記切,，,金額,不大,也,只能,算了,0.0,…,常常,刷還
 ,是,會,忘,記要,切,。
 ,加減,用
 ,奇怪,，,我,怎麼,從,來,沒,有,吃,不到,回饋,的,問題,？, ,你,辦卡前
 ,有,把,回饋,規則,看清楚,嗎,？
 ,刷,momo,和,新光,用, ,其他,還好
 ,其實,這張,就是,一天,刷,一種,就,好, ,還讓,你,有,機會,回朔,整天
 ,235959,前,最後切換,的,權益,來算,當天,的,?,?
 ,就是,用,當天,最後切,的,權益算,當天,000000,到,235959,之
 ,間,的,消費,回饋
 ,cube,不能,當,主力, ,但,回饋,率,搭,得,好,很,神
 ,還好,吧,現在,這張,是,我,主力,哈哈
 ,全家,三張,卡,各,一個權,益都,不用,切,，,刷,那個,就,拿,誰,的,好
 ,用到,不要,不要
 ,現在,有,四個,權益
 ,不是,全家人,都,會,同時,在,一起, ,而且,有,時候,需要,簽名, ,你,拿
 ,不是,自己,的,卡會,有,問題, ,科科
 ,不是,卡,的,問題, , , ,是,人,的,問題, ,這種,無腦,抱怨,文,也,可以,？
 ,朋友,旅遊業,每個,月,刷,破百,萬, ,爽,賺, ,你,不會,用罷,了
 ,這張,只能,拿來,繳費,或,固定,一種,類型,消費, ,其他,別想,了
 ,不,切, ,只拿來,加油,用
 ,這張,的,玩法,就是,辦多張,附卡多個,方案,，,另外,就是,一天
 ,只刷,一次,一種,方案,，,美沒事,不要,切
 ,我覺,得,蠻爛,的,，,還要,轉來,轉去
 ,這張,就,去年,有,10%,活動,的,時候,猛,而已,，,現在,就,...
 ,主要,是,要,切換,結果,回饋,也,沒,比,別家強,，,別張,日常,回饋,刷
 ,滿後才,輪,的,到,這張,，,但,別家,刷,滿,後,基本上,那個,月,就,差,不
 ,多要,結束,了,換下,一輪,，,這張,大概,就,旅遊,可能,有用,(,但,我
 ,不是,受眾,所以,我,也,不,知道,)
 ,1,.,自己,不看,規則, ,2,.,吃,飯,3%,也,沒,多少,錢, ,下次,記得,就,好
 ,少切換,就,好, ,反正,幾乎,都,用集,精選,，,用,好,幾個,月,也,才,切
 ,過,一次,用趣,旅行
 ,很,難用,又,複,雜的,卡, ,我,都,勸,身邊,想,無腦,刷,的,不要,辦,這張
 ,日內,切換, ,最穩,就是,一天,只刷,一筆, ,但,這樣,又,有點,不實
 ,際
 ,中油,直營,跟,全聯,就夠,了, ,懶得切, ,偶爾去,百貨,公司,消費,才
 ,會切
 ,中文,不好, ,條款,看不懂,的,話,就,去,多,讀點,書,吧
 ,還以,為,又,是,國外,換日,問題, ,結果,是,自己,沒,看清,說明
 ,除了,加油,想不到,哪裡,好
 ,後,來,都,專門,加油,跟,停,嘟嘟,房
 ,切換,的,頁,面寫,很,清楚
 ,謝謝,提醒, ,原本,拿到,直接,丟抽屜, ,XD
 ,感謝,提醒,~
 ,剛,收到,鱒魚,卡
 ,鱒魚,10,萬送,2000, ,你,這包,比,較,好,...
 ,這哪個,網頁,？,隨手查,？
 ,看官,網說明,，,代扣,繳,只要,繳,一次,就,符合,，,回饋,金入,賬前
 ,，,取消,代扣,繳也,不,影響,回饋,資格
 ,富邦,可以,網銀線,上,申請,代扣,繳,、,終止,代扣,繳
 ,輕,鬆,多,賺,100
 ,今天,收到,鱒魚,卡,+,1
 ,收到,鱒魚,+,1, ,我,也,覺得,這包,比,較,好,XD
 ,我還,沒,拿到,尊魚
 ,沒,收到,，,只是,網銀看,得到,J,卡
 ,請問,日盛,還有,結餘溢,付款,要,怎麼,拿,回,？
 ,已登陸, ,但,寫,成功,沒,看到,號碼,就是,了
 ,https,/,/,i,.,imgur,.,com,/,k5prgTu,.,jpg
 ,https,/,/,i,.,imgur,.,com,/,f5q4A8a,.,png
 ,這次,匯率,要存,多少,？
 ,登到,立馬,儲值
 ,下,一季,還有,，,繼續,存,...,XD
 ,一張,卡,最高,只能,20000,日圓,…,.
 ,應該,是,日幣,儲值,1,萬,2
 ,加碼,7%,上限,大概,13000,日幣,左右,？
 ,12278,日幣
 ,一張,卡,上限,20000,可以,suica,虛擬,卡,可以,開,複,數張,吧,？
 ,沒,了,=, ,=,沒關,係,用,cube
 ,滿
 ,最少,可以,移到,apple, ,watch,上,獨立
 ,謝謝,，,我來,研究,一下,suica,虛擬,卡
 ,暫時算,出來,的,匯率,是,0.2314,，,剛剛,立刻,刷,的,，,供參
 ,https,/,/,i,.,imgur,.,com,/,wNA05mR,.,png
 ,我,是,手機,跟,apple, ,watch,各一張
 ,https,/,/,i,.,imgur,.,com,/,gHFWyfx,.,jpg
 ,https,/,/,i,.,imgur,.,com,/,Liovj1M,.,png
 ,只有,手機,，,我,看看,能,不能,直接,弄,兩張,，,不能,就,只能,加
 ,值,8000,了,，,九月,才,要,去,日本
 ,手機,可以,兩張,啊
 ,一張,pasmo, ,一張,suica, ,xDDD
 ,https,/,/,i,.,imgur,.,com,/,7IHB4P8,.,jpg, ,重刷,頁面,的,時候,超
 ,怕,登,不到
 ,我,還設,行事,曆,結果,忘,了, ,7%, ,再見,QQ
 ,請問,2022Q4,登錄,的,",", ,有人,收到,回饋,了,嗎,?
 ,我還,沒,收到,上季,的,回饋
 ,感謝,回覆,~,我,也,還沒,收到,",",Q4,活動,網頁,空,了,查不到,資訊
 ,我,也,還沒,收到
 ,已額,滿,，,氣死
 ,實測,虛擬,卡,成功
 ,https,/,/,i,.,imgur,.,com,/,lIMBGI7,.,jpg
 ,https,/,/,i,.,imgur,.,com,/,so7Tq5a,.,jpg
 ,還沒,收到,+,1
 ,另外,上,一季,的,回饋,也,還沒,收到,。
 ,我用,網站,時光,機撈,到,了,，,3,月底,回饋,，,應該,這幾天
 ,https,/,/,i,.,imgur,.,com,/,7aTsjsU,.,png
 ,剛剛,加值,才,想到,2,月,去,日本,已經加,好,加滿,了,=, ,=
 ,儲值,了,日幣,12300,，,刷卡,通知,2845,台幣
 ,https,/,/,i,.,imgur,.,com,/,I225bAX,.,jpg
 ,家裡,兩張,都,登入,到,了
 ,以,後,真的,不,參加,這種,事後登錄,的, ,容易,忘
 ,額滿,…
 ,這活動,真的,容易,忘記
 ,富邦,不,難用,吧,國泰,更爛
 ,有,登錄,就,有,嗎,？
 ,完全,忘,了
 ,完全,忘記
 ,國泰,還比,較,好,用, , ,一鍵,就,全登記, , ,富邦,有夠,摳
 ,難得,看到,富邦,比,花旗,還記仇,的,案例,.....
 ,謝謝,已,登錄
 ,感謝,提醒
 ,感謝,提醒
 ,請問,這個,有限,實體,卡,嗎,？
 ,用,open, ,possible,就,有,5%,，,富邦,這種,要,登錄,的,我,直接,刷
 ,別張,卡,就,好,了
 ,登錄,完然後剩,9,天,…
 ,加油,刷卡,還會,圈存, ,很,慢
 ,cube, ,至少,都,有,6%,，,獲利,王科科
 ,到,2024,~,還有,一年,吧
 ,1,/,1,開始,刷,的,都,算,吧
 ,5%,還要,登錄,...,不如,別張
 ,open, ,possible, ,+,1,，,附近,有統,一,加油站,還,可以,周二,888
 ,7%,+,5%, ,7,-,11, ,OP,點數
 ,找,一天,加油,後, ,點數夠,用,直接,拿,去,抵洗,車費省,一筆
 ,是,2023,哦, ,紅明顯
 ,用,line, ,pay,不,知道,可不可以
 ,謝謝,提醒,，,已登陸
 ,活動,期間,：,112,/,1,/,1,-,112,/,3,/,31
 ,5%,還要,登錄, ,真的,笑, ,用,op,卡,就,好
 ,刷,日本,那個,也,很,廢, ,我,4,月,要,刷,日本, ,要,到,6,/,20,才能,登錄
 ,賭人,忘記,就,對,了, ,廣告,還打,那麼,大
 ,笑,死,。,5%,是,要,搶,什麼,？,這種,超爛,回,饋還,真的,有人,登錄
 ,，,明明,有,一堆,8%, ,10, ,%, ,12, ,%,的,，,那麼爛,的,東西,你,都,吞
 ,下去,，,難怪,銀行,福利,越給,越少,，,悲哀,呀
 ,OP,卡,不,就,5%,了,？
 ,cube,行動,支付,7%, ,J,卡,pass
 ,5%,可憐,啊
 ,這個,應該,要,刷,實體,卡
 ,只有,2.8%,吧, ,2.2%,是,j,卡,本身
 ,富邦,Op,卡,好像,是,5,+,5,+,7, ,，,之前,以為,是,12,而已
 ,配合,icashpay,速邁樂,週二
 ,有,上限,還是,用,cube
 ,cube,笑,而,不語
 ,j,卡,這個,刷,line, ,pay,也,有,5%,",",會,執著,line, ,pay,就是,喜歡會
 ,員, ,載具, ,條碼,一次,刷,，,加油,滿,500, ,line, ,pay,會,送,抽,獎券
 ,，,雖然,我,都,只,抽到,6,點,。
 ,OP,也,可以,刷,line, ,pay,…,一樣,可以,抽獎,…,.
 ,大戶,悠遊卡,自動,加值,也,5%
 ,覺得,加油,刷,實體,卡,最快
 ,https,/,/,i,.,imgur,.,com,/,DRorLVu,.,jpg
 ,5%,也,能,搶,....,獲利,王爛卡,。
 ,感謝,提醒,，,已登錄,！
 ,樂家,.,cube,笑,而,不語
 ,有,到,2024,嗎,?,?,?
 ,cube,還要,中油,直營
 ,OP,直接,5%, ,J,卡,不,知道,多久,沒刷,了
 ,謝謝,分享
 ,辦,這張,後,，,幾乎,沒什麼,優惠,可以,用
 ,5%,…,.,，,國泰,6%
 ,更正,7%
 ,一銀義享,天地,就,5%,了, ,免搶, ,還可,combo,台灣,pay,+,2%
 ,一銀義享,天地,5%,只到,三月底,再來,只,剩,3%,，,義享,卡,6000,就
 ,封頂,拿,來,搭,px, ,pay,六日,儲值,一千,可以,到,7%,",",但,啪,~,沒,了,。
 ,有,登記,有,推
 ,完全,忘記,!,!,哈哈哈,！
 ,costco,-,98,要價,29.3,中油,32.4, ,價差,8.9%,?
 ,9527.8, ,CPC30.4,=,=,>,價差,8.55%,?, ,winwin,?
 ,cccmailncyu, , ,cube,行動,支付,7%,<,--,這個,我,喜歡,!
 , ,咦,?, ,我要,出國,了,!,不用,刷,了,...
 ,樂,家常,態,6,趴
 ,廢到,笑,的,活動,",",別家卡,不用,搶,還現,金,回饋,呢,!,!
應該,是,B,+,跟,A,-,的,差距,吧
等等,，,一樓,，,不是,應該,A,+,跟,B,-,的,差別,嗎
樓上,，,一樓,沒,說,錯,啊, ,XDDDD
一樓,說,的,是,成績,，,樓樓,上,說,的,是,罩杯,....
 , ,廢到,笑
 ,https,/,/,i,.,imgur,.,com,/,95Ev6nA,.,png
 ,系統,根本,進不去
 ,https,/,/,i,.,imgur,.,com,/,5DyryoP,.,jpg
 ,兩張,已,登
 ,已登錄
 ,https,/,/,i,.,imgur,.,com,/,m7ZXrWr,.,png
 ,一直,重新整理,，,我家,兩張,都,有,登錄,了
 ,多試,幾次,有,登,成功,了
 ,APP,一直,進不去,",", ,改用,電腦,登網,銀才,成功
 ,app,卡住,，,電話,（,應該,有,）,登錄,成功
 ,根本,進不去,阿,！, ,哭哭
 ,https,/,/,i,.,imgur,.,com,/,uIW1qq1,.,jpg
 ,已登錄
 ,https,/,/,i,.,imgur,.,com,/,KGYBbK8,.,jpg
 ,就,說,了,乖乖,刷吉鶴,或,中信,linepay,就,好
 ,問個, ,我,一個,帳戶,有,兩張,j,卡,，,只,需要,從行動,網銀,登陸,一
 ,次,就,好,嗎,？,還是,要,每張,都,登記,？
 ,超,垃圾,登記,制度
 ,活動,期間,每季,「,每戶,」,加碼,上限,500,元
 ,已登錄
 ,已登錄,成功
 ,已登錄
 ,每戶,加碼,500,元, ,所以,可以,刷到,2,萬,5
 ,剛開始,app,很卡, ,重登,就,成功,了, ,我家,搶到,3,張
 ,感謝,提醒
 ,蠻順,的,～
 ,重點,在,「,每戶,」, ,不然,J,/,JU,是,可以,辦到,12,張,的,啊, ,XD
 ,已登陸,成功
 ,手機,登錄,很順,，,感謝,提醒
 ,16,：,19,左右,登錄,成功
 ,感謝,提醒,~,已登
 ,現在,登錄,的,是不是,今年,1,-,3,月,刷,才,5%,？
 ,4,-,6,月,刷, ,要,6,/,20,登錄,？
 ,感恩,，,已登
 ,沒,想到,那麼,多,人,去,日本,，,登錄,還會,擠,爆
 ,登錄,成功
 ,半小時,都,還沒滿,",",意外,的,好,搶
 ,結果,登錄,的,戶數,其實,也,沒,很多,XD, ,那,到底,是,在,爆什麼,XD
 ,可能,對外,流量,不夠,大,塞住,吧,",", ,等,一些,人登,完離,開後就會
 ,變順,一點
 ,有,登錄,連結,嗎
 ,應該,是,同時,還有,momo,卡,的,一堆,活動要,登錄,吧
 ,啊,不,對, ,momo,卡,3,點半,就,開始,登,了
 ,登錄,成功, ,謝謝,提醒
 ,名額,真多, ,慢一個,小時,都,有, ,反倒,是,momo,卡,被,秒,殺
 ,看到,這篇,才,想到,忘,了,登,淘,寶,QQ
 ,感謝,提醒
 ,感謝,提醒
 ,感謝,提醒
 ,還有,！
 ,殘念, ,滿,了
 ,隨便,登,都,有
 ,登
 ,滿,了
 ,感覺,富邦,搶,活動,都,要,打電話,才,比,較,高,機率,搶,到,名額,，
 ,上次,搶網,購準,時,按,進去,直接,寫,已額,滿
 ,謝謝
 ,殘念
 ,富邦,登錄系,統爛,到,爆
 ,可惡, ,忘記,了, ,想起,來時,就,沒,了, ,殘念
 ,靠, ,忘,了
 ,1550, ,APP,就,開始,會顯,示人,太,多,，,稍後再試,。,1601, ,用
 ,電話,語音,登錄,直接,忙線音,，,真的,很爛,。
 ,有,時候,還會,出現,已經,登入,，,不能,再,登入,，,請,等,五分,鐘,。
 ,完全,忘記,QQ, ,禮拜天,的,交通卡,一定,要,記得
 ,還沒去,日本, ,先,讓,你,們
 ,晚,了,10,分進,去,已額,滿, ,怎麼,大家,都,有,搶,到,..
 ,加碼,上限,才,500,，,也,就是,只能,刷,25000,，,也,搶成,這樣,？
 ,要,登錄,就,...
 ,還好,以後不去,日本,！,！,可以,省錢,？,(,誤,)
 ,恭喜
 ,聯邦會過,我,學生,小白過,了
 ,恭喜,核卡,，,最近,也,是,剛申,請, ,j, ,卡感,覺要,等,兩個,禮拜,@,@
 ,恭喜,核卡,！
 ,國泰,那,張,沒,被,註,記,學,生,吧
 ,可惜,不是,新戶
 ,都,是,新戶,限定,，,雖然,是,壽星,，,我,這個,老戶,無福,消受
 ,舊戶,邊緣
 ,獲利王,對,舊戶,跟,路邊,野狗,一樣
 ,前,幾天,剛辦,完,ㄏ,ㄏ,ㄏ, ,奇檬子,整個,賭爛果,斷,怒,剪
 ,等等, ,只有,壽星,任務二,要求,新戶, ,其他,都,只,要求,新卡
 ,新卡禮,雖然,是,不限金額,任刷,，,但,240,不高,又,是,點數,...
 ,結論,3, , ,xDD
 , , , , , , ,^,正確
 ,50,名
 ,中信,一堆,卡,都,有,新卡,兩百,，,辦兩張,就,比,兩百四多,了
 ,欸,，,我,上面,推文,打錯,...,新卡,→,新戶
 ,舊戶,生日,沒人權
 ,舊戶,都,不是,人一樣
 ,....,那個,是,統一,通知,的, ,下面,有,寫,實際會,以,銀行端,判斷
 ,正確,回饋, ,官網,也,有,寫, ,所以,最後還,是,只有,0.5%, ,科科
 ,我,保強,制險用,icashpay,裡面,保,外加,cube,跟,icashpay,結帳
 ,Cube,卡,：, ,好,吧,他,上限,蠻,低,的
 ,搭版,分享
 ,昨天,刷麥,當勞,6.5%
 ,https,/,/,i,.,imgur,.,com,/,b89SIHS,.,jpg
 ,麥當,勞是,什麼,活動,阿,？
 ,#,1ZxB61hH, ,(,MobilePay,), ,LINE, ,Pay,麥當,勞二,三四,3%,上限
 ,10,點,+,富邦,J, ,Points,/,JU,一到,五,2%,+,原卡,基本,回饋,1.5%
 ,沒數位,帳戶,就,沒,有,這麼,高
 ,原卡,LINE, ,Pay,基本,回饋,就是,1.5%, ,數帳,是,多,0.7%
 ,花旗, ,pi, ,都,2%
 ,跟,有,沒,有,數位,帳戶,綁,扣繳,沒關, ,錢包,的,通知,一直,都,是,一
 ,樣,的,顯示, ,下面,的,說明,看過,了,沒,？,實際上,還是,要,以,銀行
 ,最終,的,回饋,計算,為,主, ,所以,保費,最後還,是,只會,有,0.5%
 ,消費,刷卡,",", ,不如,儲值,點點,卡,再,消費
 ,點點,卡,拿,聯邦,或樂天,就,好,，,有,回饋,又,可以,消費,賺,點數
 ,又,是,伸手,?
 ,辦聯邦,吉鶴卡
 ,現在,能,apple, ,pay,的,地方,都,有,圖示,可以,用,指,的
 ,學點,日文,就,好
 ,https,/,/,i,.,imgur,.,com,/,RGGYY7F,.,jpg
 ,日,旅板,JCB,那篇,再,多,爬,爬,吧,...,樓上,資訊,是,錯,的
 ,ス,マ,ホ,決,済,（,け,っ,さ,い,）
 ,日本,jcb,是,自己,這樣,說,的,，,不過,我,不是,用,apply
 ,https,/,/,i,.,imgur,.,com,/,YbumwYH,.,jpg
 ,#,1RcbkBoq, ,(,MobilePay,)
 ,#,1Qn4JZ2C, ,(,creditcard,)
 ,#,1ZkqR,-_,v, ,(,Japan,_,Travel,), ,今天,還,有人,推文,回報
 ,如果,只是,ク,レ,ジ,ッ,ト,那,就,沒,啥,阿,，,我,是,用,android, ,系
 ,統,，,但,實體,卡的確,我,是,用,這個,詞
 ,認,水波,紋,吧, ,不然,就是,用,suica,了
 ,吉鶴卡,數位,卡,很快, ,大概,隔天,就,有,了,吧
 ,你,可以,用,西瓜,卡綁,在手,機然,後,儲值,西瓜,卡,不,就,好,了, ,還
 ,可以,直接,感應,坐車, ,超,方便
 ,日本,現在,80,趴,以上,支援,感應,刷卡, ,要,找到,不,支援,反而,比
 ,較,難,吧
 ,然,後,你,西瓜,卡儲值,就,用,applepay, ,然後富邦,j,卡儲值,即
 ,可
 ,那,你,爬,的,還真,徹底, ,上面,T,大說,的,文章, ,肯定,是,突然,冒,出
 ,來,的, ,之前,一定,都,還沒有,對,吧, ,嘻嘻,☺
 ,過年,時,去,了,四國,，,cube,卡綁,apple, ,pay,。,除非,櫃,檯,直接
 ,貼,apple, ,pay,圖示,，,不然,通常,感應,支付,手機,靠,過去,超常
 ,沒反應,的
 ,日本,的,感應,刷卡,機有,變多,了,，,常常,店員,拿到,卡片,就,tou
 ,ch,一下,，,但,不,代表,這樣,就是,可以,用,Apple, ,Pay,，,折衷,辦
 ,法,就是,先儲值,到,Suica,/,PASMO,(,交通,系,IC,),再,消費,了,，,車
 ,站,內,的,店家,大部分,是,可以,用,交通,系,IC卡,交易,的,。
 ,吉鶴卡,有,虛擬,卡,發卡,超快
 ,講, ,Apple, ,Pay, ,是,自找,麻煩,…
 ,タ,ッ,チ,/,SUICA,/,QUICPay, ,で, ,選一種
 ,日本,的,apple,唸作,阿,噗,魯, ,說,阿,噗嚕配, ,應該,可以,？
 ,看,你,到,日本,的,哪裡,？,親友,1,月底,剛從京阪,玩,回來,，,說,幾
 ,乎,沒,看到,能,用到,apple, ,pay,的,地方
 ,下禮,拜,的,話, ,加辦,實體,卡應,該,來,得,及, ,富邦,舊戶,加辦,基本
 ,上,是,秒,核
 ,主要,就,便利商店,可用,。,建議,辦吉鶴卡,，,隔天,就,發虛擬,卡
 ,西瓜,卡打片,天下,......
 ,你,要,唸, ,阿波魯配
 ,直接,踏吉,可能,比較,簡單,吧
 ,還在,阿,噗嚕,的, ,八成,都,沒,看,文章
 ,日本,很多,人,不,知道,阿普如
 ,直接,說踏吉, ,把手,機拿去,感應,就,好, ,不用,囉,嗦
 ,要講,quik, ,pay,吧,？
 ,講,NFC, ,PAY,;,另外,樓上,的,YT,影片, ,就,有,其他,日本,人示範,的
 ,影片,了
 ,帶,實體,卡,插,晶片,不,就,好,了,。,有,那麼,困難,？
 ,可以,再辦,一次,嗎,？
 ,J,不,限定,只能,辦一張,啊, ,科科
 ,今天,加辦, ,線上,直接,核准, ,快,的,話,下,週一,就,拿到,了
 ,帶手,機加,一張,卡,呀
 ,結帳,跟,店員,說,カ,—,ド,(,咖斗,),",", ,如果,看到,機器,有感,應圖示
 ,(,水波,紋,),優先,手機,apple, ,pay,靠上去,，,偶爾會,失敗,再,乖
 ,插卡
 ,有些,機器,即使,有,支援,感應, ,店員,也,會,跟,你,說,無法,使用
 ,只能,自己,Try,一下
 ,為,何要,虛擬,卡,?, ,回饋,高,?,?
 ,克服,電話,打過,去,說,要,等,十分,鐘有,很,難,?,我,上次,華航,37min
 ,Apple, ,Pay,聽,不,懂, ,要,說,阿婆,魯配, ,這是,認,真的,我,遇過
 ,apple, ,pay, ,超級,少建議,改用,其他
 ,我,上,禮拜,才,剛回來,，,他們,店員,不,知道,apple, ,pay,，,直接
 ,說,credit, ,card,手機,放上去,刷,。,大約,8,-,9,成都,讓,刷,。,但,也
 ,有,遇到,明明,同家店,，,店員,看到,手機,不,讓,結帳,(,只有,一次,)
 ,suica, ,加值,很,方便,啊
 ,刷,實體,卡不夠,安定,嗎,?, ,怕,爆炸,?
 ,插卡,或,感應,阿,=,=, ,去年,11,月,大阪,刷,爽爽
 ,拿出手,機開,apple, ,pay, ,不用,說,對方,也,懂,吧
 ,前,兩天,有,成功,Apple, ,pay
 ,推文,是不是,一堆,人,沒,看,文章,或,沒,看,懂,?,?,?,?
 ,板橋,高鐵站,、,新竹,高鐵站,都,有,實體,辦卡機,，,馬,上,就,可以
 ,發卡,了,（,無票證,版本,的,JU,卡,）
 ,講,quick, ,pay,就,好,，,多半,電子,支付,有,寫漢字,電子,，,有圖
 ,示,，,看,完圖示,跟,店員講,，,還沒,遇過,不,知道,的,店員,，,一
 ,蘭拉,麵,、,uniqlo,、,安全帽,店,、,便利商店,、,藥妝店,一堆
 ,地方,可,使用
 ,你,跟,他們,說, ,card, ,touch,就,懂,了,，,便利商店,跟,藥妝能,用
 ,，,餐廳,幾乎,不行
 ,發卡,ATM,剛,推出,的,時候,常常,短暫,的,不能,辦, ,現,在,嚐,鮮,人
 ,潮過,了, ,情況,應該,有,改善,吧, ,#,1YzdhKyR
 ,綁定,linepay,，,但,沒,說,要,用,linepay,啊,，,直接,刷卡,就,可
 ,以,了
 ,樓主是,虛擬,卡,的,話,，,就,說,要,感應,刷卡,，,在,用,applepay
 ,，,但,很多,商家,都,沒,有感,應,，,幾乎,都,是,插卡
 ,一月,剛去,沖,繩,，,Apple, ,Pay, ,聽,不,懂,，,指櫃,檯,圖示,比,老
 ,半天,，,感應,基本上,很,弱,，,結論,就是,幾乎,不能,用
 ,樓上,有些,嘻嘻,科科,的,人,看,起來,就,像,讓,問題,無限,循環,的
 ,犯人
 ,https,/,/,linshibi,.,com,/,?,p,=,41699,&,amp,=,1
 ,推薦,華南,SnY,數位,帳戶, ,10,萬內, ,2.3%,活存,利率
 ,現在,都,線,上,辦數位,帳戶,比,較,容易,了, ,臨櫃辦,實體,要,有所
 ,謂,的,「,正當,」,理由, ,還會,被,KYC,一堆,資料, ,XD
 ,而且,根據,隔壁,板友,的,說明, ,SnY,也,可以,轉成,實體戶,提升,權
 ,限,又,還是,保留,了,數位,的,利率,跟,跨,轉提,優惠次數, ,這樣,也
 ,還是,可以,辦,JCB,金融,卡, ,P
 ,原來還,可以,這樣,，,不過,我,遇到,的,華南櫃員,態度,不是,很
 ,好,就,不爽,在,華南辦,了
 ,正當,理由,=,證券戶
 ,或是,薪轉戶, ,也,是,正當,理由
 ,富邦,貼紙,真的,很煩,XDD
 ,哪裡,登入, ,去,活動,登入,沒,看到
 ,台哥,大聯名,卡,就,加油,無腦,5%,了
 ,登錄,－,>,放棄,，,不是,上班,沒時間,用,，,就是,半夜,要,睡覺,誰
 ,有空,用,，,再不然,就是,大眾,時間,搶,不到
 ,登錄,放棄,+,1
 ,登錄,麻煩, ,算了
 ,誠意,不足
 ,Cube, ,3%,（,基本,）,+,3%,（,中油,加碼,）,+,1%,（,數位,支付,加碼
 ,）, ,還,可以,自助,加油
 ,糞
 ,二樓,大,說,的,對, ,而且,用,cube,記得,要,找,對,直營,站
 ,遠東樂家,卡, ,也贏,這個,啊, ,(,我,也,有,富邦,J,)
 ,太多卡,打,贏富邦,J,了,，,冰凍,起來
 ,用華南,SnY,信用,+,LINE, ,PAY, ,10%, ,單筆,滿百,以上, ,這才,猛
 ,合庫,i,運動, ,登錄,活動, ,加油,8%
 ,登錄,時間,：,112,/,3,/,22, ,1600,起至,112,/,3,/,31, ,2359,，,額
 ,滿為止,。
 ,這活動,已,經開,好,幾次,了, ,都,是,最後一個,月,才,登錄, ,然,後
 ,回饋,要,5,月底,才,進來
 ,基本上,等,你,忘,記有,登錄,活動,的,時候,就,會,進來,了,XD
 ,一銀義享,加油,也,是,5%,，,不用,登錄
 ,富邦,自己,的,op,卡,就,5%,了, ,搭數位,帳戶,還有,5.5%
 ,直營用,橘子,就,好,了
 ,誠意,不足,意圖,讓,人,遺忘,，,不愧,是,獲利王
 ,要,登錄,留給,需要,的,人,了,，,麻煩,死,了,！
 ,懶惰,就,懶,惰,，,還在,誠意,不足,，,乾脆,直接,送,你,錢,好,了
 ,對,喔, ,我,都,刷,不用,登錄,的
 ,這種,登錄,條件,不,就是,變相,讓,用戶,忘記,，,讓,勤勞,的,死忠
 ,支持者,刷,就,好,，,我刷,不用,登錄,的,就,好
 ,5%,還要,登錄, , ,是,幹,嘛,=,=
 ,我,就,覺得,奇怪, ,為,什麼,登錄,時間,這麼,晚,...,很,容易,忘耶,..
 ,一定,忘,，,就算,記得,沒,搶,到,一樣,沒用
 ,還沒,看到,富邦,的,登錄,活動
 ,廢到,笑,....
 ,這個,登錄,一次,這個,登錄,一次,，,代表,1,～,3,月份,的,檔期,嗎
 ,？,是否,要,刷,實體,卡
 ,富邦,op,卡,直接,5%,不,囉,嗦
 ,先刷後登,錄還,只有,5%, ,不優
 ,這種,除了,有,好心,版友,發文,提醒,不然,真的,必忘
 ,糞,J
 ,用,Sport, ,卡,不是,直接,感應,就,有, ,8%,嗎,..
 ,無言
 ,感謝,這個,網站, ,發現,有,55688,刷,J,卡悠,遊卡,另,回饋,10%, ,每
 ,月,30, ,可,combo, ,jcb, ,前,幾年,網頁,資訊藏,很,深
 ,http,/,/,i,.,imgur,.,com,/,Px3RfPw,.,jpg
 ,每月,上限,只有,30,坐,300,元, ,大概,1,-,2,趟
 ,感謝樓,上, ,發現,肯德基,有,牛肉,耶, ,自加,10,％,再,加碼,10,％
 ,扣款, ,有,20,％
 ,5%,還要,登錄,，,廢到,笑,。
 ,以前,是,摩斯, ,後,來,變大創, ,今年,變成,肯德基
 ,固定,三個,10%,好像,只有,55688,不變, ,日藥,我,不,確定,有,沒,有
 ,改過,？, ,XD
 ,這三個,10%,沒有,藏,一直,是,在,基本,回饋裡, ,只是,加碼,活動,太
 ,多,把,他們,擠,到,很,下面,那樣,啦,～, ,P
 ,雖然,每月,上限,30,封頂,300,看起,來,很,低,的,樣子, ,但別,忘記,那
 ,是,每,「,卡,」,的,上限, ,而,J,沒有,限制,每人,只能,辦一張,啊, ,XD
 ,這個,好像,一季,回饋,最高,200,元,，,不是,每個,月,最高,200,元

 ,去年,我,到,年末,拿到,回饋,才,發現,活動,有,延續, ,當時查,記得
 ,是,在,車隊,官網,看到,的, ,今天,查,在,原本,j,卡頁,面是,沒有, ,要
 ,這個,專屬,頁,面才,找,的,到,...
 ,很多,人,都,有,6,張,J,卡,吧,XDD
 ,J,/,JU,原卡,官網,一直,都,有, ,沒,看到,是,拉,不夠,下面,.....
 ,「,最高,3%,回饋,無,上限,」,那個,段落,裡, ,一直,都,在
 ,https,/,/,i,.,imgur,.,com,/,TfpzbYY,.,png, ,下,半部,就是,了
 ,J,卡已,經習,慣事後有,限制,名額,登錄,，,而,非,事前,登錄,，,然
 ,後,再,打著,日韓,5%,加油,5%,，,這張,就,留給,有,緣,人,去,用,吧,！,我
 ,正,等,著,2,月,最後回饋,點數,回來,剪掉,這張,與,我,無緣,的,卡
 ,原來,在,產品,特色,裡, ,手機,看,沒,注意,到, ,謝謝,K,大
 ,時候,登錄,的,一律,不,考慮,...,沒,搶,到,或,忘記,=,0,回饋
 ,事,後
 ,你,用,OP,不,就,好,了
 ,啥,?,要,登錄,！,　,該,死,獲利王,！
 ,不,只是,要,登錄, ,而且,是,事,後,限量,登錄, ,搶,不到,忘記,等,於,0
 ,事後登錄,..,，,還,不如,去,用,cube,還比較,省事
 ,這兩萬點,花,下去,至少,損失,400,元,刷卡,回饋,欸, ,怎麼,可能
 ,差不多, ,https,/,/,i,.,imgur,.,com,/,hsdAi1R,.,jpg
 ,剪,了,喇, ,台新,廢狗,低消,5000,都,可以,5%,了
 ,XDDD, ,雖然,我,也,是,辦,了,吉鶴,",", ,因為,實體,2%,還是,好,用,...
 ,台北,富邦,一個,人,只能,有,一個,帳戶,，,如果,已經,有,實體,帳戶
 ,就,不能,再辦,數位,帳戶
 ,2%,有永豐大戶,、,55688
 ,線上,可,申請,剪卡算,方便,",", ,富,邦,讚,!
 ,沒有,喔, ,我富邦,有,兩個,一本,萬利, ,後,來,加辦,數位,也,成功
 ,5000,以內,twmp,都,多,2%,，,連元大,鑽金,都,能,變,3.2%
 ,之前,銀行,版,的,討論,是,數帳,一生,一個, ,轉實體,就,沒,了
 ,@,cokelon, ,新光,：
 ,台北,富邦,銀行,，,一個,人,可以,有,N,個,臨櫃,開戶,的,帳戶,，,但
 ,只能,有,唯一一,個,數位,存款,帳戶,，,數位,存款,帳戶,轉成,實體
 ,帳戶,之,後,，,就,不能,再,開數位,帳戶,。
 ,那,這樣,子用,實體,帳戶,扣款,的, ,不,知道,有,沒,有,0.7%
 ,假如,沒有,的,話,....,還,真的,是,....
 ,可以,先有,臨櫃開,的,實體,帳戶,，,之後再,加開,數位,帳戶,。
 ,0.02%,最好,賴點,還有,優勢
 ,「,需綁定,本行,數位,帳戶,自扣,本行,信用卡,款,」
 ,lp,不能,轉賣,現金, , ,終究,實際,價值,和,現金有,差
 ,之前,在,銀,行板,就,再三,奉,勸,大家,不要,數位,轉實體,，,你,要實
 ,體就,加開,實體,帳戶,，,讓,數位,帳戶,保持,數位,帳戶,的,狀態,，
 ,你,看,，,當你,轉成,實體,之,後,，,就,沒,機會,參加,綁,數位,自扣,的
 ,活動,了,。
 ,中文,很難,嗎,？,就,寫,了,要,用,「,數位,帳戶,」,自扣,才,有,+,0.7%
 ,然後還,沒辦,富邦,數位,帳戶,的,先,等等, ,看,明天,或,下禮,拜,有
 ,沒有,新,的,數帳,權益,出來, ,不然,現在,辦,的,都,是,沒,有,高利,的
 ,數位,「,風味,」,帳戶, ,XD
 ,原來,是,T,大說,的,理由,，,因為,我,之前,有,實體,帳戶,，,辦數位
 ,就,被,拒絕,，,要,臨櫃,結清,帳戶,三天,後,才能,再辦
 ,原來,不會誤,一生,喔,XD
 ,銀,行板,很多,人,都,是,先有,實體,帳戶,，,再加,開數位,帳戶,，,包
 ,含,我,也,是,，,加開,數位,帳戶,都,有,核准,耶,，,現在,政策,有,改,嗎
 ,現在,是,有,實體,就,不給,加開,數位,嗎,？
 ,富邦,這一波,操作,果然,成功,了,，,看,大家,搶辦,數位,帳戶,的,樣
 ,子,，,信用卡,部,的,主管,現在,應該,夢, , , , ,一直,笑,吧
 ,啥,？,我本來,就,有,富邦,實體,帳戶,，,上個,月,加辦,數位,帳戶,一
 ,下,就,審核,通過,了,啊
 ,好市,多卡,搭,數位,帳戶,的,話,更好,衝吧, ,好市,多,就,只能,刷,那
 ,張, ,沒有,其他,替代,方案, ,開戶,設自扣,就,能,拿到,更多,回饋
 ,應該,會,有,不少,人,搶,著,開戶
 ,有富邦,實體,帳戶, ,前天,線上,開戶, ,昨天,就,通過,了, ,挺,迅速
 ,的
 ,看來,富邦,這波,操作,成功,，,好市,多卡,一定,也,會,如法,炮,製,的
 ,，,例如,原本,回饋,1, ,％,，,數位,帳戶,加碼,1, ,％
 ,原來,富邦,數位,帳戶,只能,有,一個,喔
 ,目前,我,不會,為,了,和,吉鶴差,0.2, ,％,而,去,辦數位,帳戶,，,但是
 ,如果,好市,多卡,也,這樣,做,，,我,也,可能,變節,了
 ,Apply, ,Pay,是,什麼
 ,一萬才,差,20,真的,欠,剪, ,謝謝,你,的,計算
 ,好市,多,只是,過路,財神,賺,再,多,都,是,幫別,人,賺,，,也,可能,比
 ,照舊規,只能,刷,好市,多,聯名,卡,，,你,沒得,選要,刷卡,就要,辦
 ,那,何必,給優惠,，,反正,國泰,都,幫富邦造,好市,了,等,著,200,多
 ,萬户,自己,來辦,就,好,，,好市,多業績,太好,還會,打到親,生子,m
 ,omo,購物,，,那,不如,把,資源,都,給親,生子,，,比起,好市,多,momo
 ,好富邦,就,好,。
 ,momo,卡,好像,沒有,綁,本行,數帳,額外,優惠,，,如果,真發行,好
 ,市多卡,還給,太多,優惠,反而,會,影響,到,momo,網購業績,。
 ,請問,linepay,用兆豐,BT21,不,推,嗎,？,不是,5%,回饋,？
 ,謝謝,T,網友,在,13,樓,和,22,樓,的,分享,，,不過,看,大家,回覆,感覺
 ,有,實體,帳戶,後,，,能,不能,但,數位,帳戶,好像,也,是,挺,謎,的
 ,更正,：,辦
 ,才,多,0.02,根本,無感
 ,那時候,辦,房貸,，,櫃員,完全,沒解釋,就,把,我,的,數位,轉實體
 ,，,害,我現,在,不能,辦,Orz
 ,J,卡已,死,，,前天,立馬去,開大戶,，,一天,就過,了
 ,多,0.2%,真的,還好,，,1,萬,也,才,差,20,點
 ,上,一篇,有人,說問,客服,數位,轉實體,還是,有,2.2%,的
 ,數位轉,一般, ,客服,回電說,還是,有,符合,，,但,目前,官網,沒,看
 ,到,資料,就是,了
 ,代碼,AWAC,數帳,無法,開戶,…,慘,T,_,T
 ,數位,帳戶,不錯,呀,！,我,還順,便,辦,了,證券戶
 ,還要,申辦,數位,帳戶, ,還是,考慮,剪卡好,了
 ,2.2,-,2,=,0.02,？
 ,先回去,讀好,數學
 ,砍,權益,還要,加條件還,有人,護航,，,那,原本,的,不,就,超佛
 ,原本,實體,帳戶,(,薪轉戶,),自動,扣款,穩穩,的,，,多,了,數位帳
 ,戶變,成要,改,扣款,帳戶,，,每個,月,也,要,轉帳,。
 ,但,如果,Costco,卡,也,是,這種,操作,，,只能,吞,了,？,！
 ,不,知道,一個,銀行開,兩個,帳戶,有,什麼,好,處
 ,看,完才,知自扣,要,用,數帳, ,昨天,我,都,設好,實體,帳自扣,了,or
 ,z
 ,同,78,樓
 ,富邦寧願,ya,佩,也,不願付,防疫,保單,了,對,吧
 ,銀行,要,衝開戶,數才,綁,這種,，,0.02,基本上,就是,放棄
 ,多,0.02,...,還是,算了吧,，,完全,無感
 ,而且,Line, ,point,怎麼,會,等,於,現金,回饋,，,問號,-_-
 ,line, ,point,能,使用,的,地方,太多,了,，,基本,等同,現金
 ,你,的,基本,不是,別人,的,基本
 ,Line, ,point,只能,拿來,扣,，,現金拿來,刷卡,繼續,賺,回饋
 ,但,我,還是,不爭氣,的,來,開戶,，,Costco,應該,會,走,一樣,的,路子
 ,，,避不開,了,。
 ,你,多,弄,一個,數位,帳戶,，,那聯邦,吉鶴新,申辦,new, ,new, ,ban
 ,k,還再,多,2%,勒
 ,情境,不同,不能,比,啦
 ,本來,就,有,J,卡和賴點, ,而,NNB,帳戶,也,開過,了
 ,像,這樣,我,就,不會,想,辦吉鶴, ,寧願,直接,加辦,富邦,數帳
 ,各家,信用卡,都,是,各家,自己,扣款, ,因為,也,是,各種,活動,和,免
 ,年費, ,所以,轉帳,是,還好
 ,那,有人,是,覺得,管理,麻煩,全部,同家,銀行,扣,的, ,那,就,不,ok,了
 ,你,認真,？,狗狗,都,比,這張,好,用,，,遠東,是,還沒公,佈,，,不然
 ,今年,也,是,5%,賴配
 ,如果,吉鶴賴配,也,能,優惠,，,那,J,卡,真的,是,可以,剪卡,了
 ,遠東,公布,啦
 ,熊卡,綁,linepay,還有,3,趴,！,去,了解,一下,吧
 ,https,/,/,i,.,imgur,.,com,/,5HY2vx2,.,jpg
 ,沒,在,用,momo,跟,台哥,大,，,富邦,J,卡,沒,了,就,有,緣,再,往來,QQ
 ,我,也,有,兩個,富邦,帳戶,，,數位,昨天,過的
 ,點數,跟,現金,幾乎,一樣,？, ,卡版能,有,這種,邏輯,的,文太神,啦
 ,還好,我常去,的,雙幣,卡,都,賺,!
 ,點數,折,的,那筆,就,沒,回饋,了, ,而且,不能,存銀行,生利息, , ,現
 ,金回饋,還是強,的,多, ,運用,更,方便
 ,熊卡,綁,linepay,還有,3,趴,！,?,?,上限,呢,?
 ,數位,帳號,是,要,用,那個,啊
 ,前,幾個,月,為,了,跨,轉手續,費多辦,一個,數位,帳戶,也,是,當天通
 ,過
 ,變,更,還要,所有,卡,一起,換,…,麻煩
 ,看起,來還,不如,用大戶,卡,，,大戶額,外加,碼,還比,較,多
 ,獲利王
 ,怒噓
 ,國內,一般,消費, , ,綁,LP,本來,3%,變成,2.2%,了
 ,QQ, ,2%,無腦,卡不見,了
 ,好,低,…
 ,剪卡,了
 ,所以,直接,刷卡,從,2%,變,2.2%,？,是,這樣,對,吧,？
 ,樓上,，,錯
 ,該冰,了
 ,我,宣布,大縮水,時代來,了
 ,拿來,養尊,御卡,，,還行
 ,刷聯邦,好,了,...
 ,錯,在,哪,？,請,幫忙,解惑,一下,，,開戶,自扣,都,小事
 ,還要,辦,帳戶,自扣,…
 ,這,直接,刷卡,不是,2.2,嗎
 ,養尊,御卡
 ,的,話,，,就,繼續,用,這張,2.2%,，,自扣,小事
 ,日本,5%,還行,啦, ,出國,再,拿出,來刷
 ,喔,是,啦,，,如果,你,不以,最高,回饋,來,看,，,是,從,2%,變,2.2%
 ,errrr,繼續,冰,，,回饋,Line, ,point,還這麼,少
 ,LINE, ,PAY,很多,地方,有,其他,解法
 ,差,0.2%,，,那,直接,刷賴點,卡,就,好,了
 ,廢,了, , ,不能,換現,金,的,點數,價值,實際,不如,現金
 ,垃圾,卡
 ,該,剪卡,了
 ,請,問國外,的,加碼,登錄,是不是,還沒,開始,？
 ,所以,要,加辦,數位,帳戶,還要,自動,扣款, ,才,有,2.2%,嗎,？
 ,好險,有,聯邦,吉鶴卡
 ,PASMO,也,參戰,了,耶
 ,j,卡,消費,新,年度,還,可以,養尊,御,嗎,？
 ,現在,變有,沒,line, ,pay,都,一樣,？
 ,？,還要,綁,數位,帳戶,，,綁,一般,不行,嗎
 ,還要,自扣,就算,了
 ,國內變,2.2%,，,日,韓變,5%,不錯,啊,，,只差,在,LINE, ,PAY,變差
 ,花旗, ,無腦,刷, ,還給,我,吸塵器
 ,日韓,5%,在,哪,登錄,?,網站,沒,看到
 ,要,自扣,就,很,麻煩, ,還要,多,開戶, ,還好,國外,不用
 ,還要,數位,帳戶,？,我,就,有,綁,一般,帳戶,了,還要,另外,開,？
 ,這,一天,還是,來,了, ,雖然,linepay, ,j,現在,都,是,別,家用,完的備
 ,案
 ,限定,要,數位,帳戶,也,太,搞笑,...,一般,帳戶,不行,?
 ,還要,弄,數位,帳戶,…,…
 ,富邦,是,錢,都,給好市,多,了,嗎,？
 ,求救, ,有,哪家,一般,刷卡,簡單,有,2%,以上,的,嗎,？
 ,聯邦,阿
 ,目前,確定,2%,有,花旗,跟,聯邦, , ,最,簡單,就,聯邦
 ,選聯邦,夕鶴無腦,多,了
 ,QQ,....,虧,我,對,J,卡,這麼,有,期待,...
 ,這樣,國外,3%,也,是,降, ,慘
 ,大戶,還有,國內,無腦,2%,嗎,？
 ,要,注意,：,日韓,每季,回饋,上限,$,500,/,戶
 ,還,限定,數位,帳戶
 ,如果,是,養,遵御卡, ,勉強,接受
 ,不給養,就,雙剪,卡
 ,大戶,2%,有,上限, ,你,不如,用,55688
 ,看來,跟,J,卡,的,緣分,就,到,今年,了
 ,獲利王,不,意外
 ,防疫,險輸,不起,拿,信用卡,權益,開刀
 ,大戶,每月,上限,6,萬
 ,還好,沒辦,…
 ,好,鳥
 ,現在,臨櫃現,在,都,問要,不要,開數位,帳戶, ,一家,開兩個,戶頭
 ,要,幹,嘛
 ,越來,越爛,…,..
 ,自扣,聽,說,也,要,23,年,新戶,才,有,喔,，,群組,聽,到,的,，,可能,需
 ,要,在,確認,舊戶,有,沒,有
 ,J,卡越,來,越爛,了
 ,這張,卡,早就,沒用,很,久,了,，,都,轉戰,聯邦,line,卡無腦
 ,扯, ,強迫,開戶
 ,聯邦,吉鶴才,是,王道
 ,Line, ,Pay,常駐,卡要,易主,了,~
 ,有,排除,保費,嗎,？
 ,日本,有,兩種,手機,感應,交通卡,，,台灣,還沒有,半張,，,可憐,啊
 ,希望,數位,生活,卡,持平
 ,樓上,?,?,?, ,三星,PAY,悠遊卡,不是,?,?,?, ,阿對, ,人家,是,整張,的
 ,可以,剪,了
 ,夕鶴笑,而,不語
 ,不過,line,禮物,提高,到,25%,了,耶, ,沒自扣,是,24.5
 ,請問,1,月,去,日本,，,是不是,就,沒,5%,了,？
 ,可憐,，,垃圾,卡,，,還好,沒辦
 ,冰起,來
 ,有點,不,懂, ,原本,3, ,現在,要,辦數,帳才,2.2,這樣,理解,對,嗎
 ,今年,COSTCO,被迫,換富邦, , ,原本,想,說,加辦,J,卡, , ,但是,爛了
 ,如果,日本,刷,也,是,數帳,才,有,5%,？
 ,line, ,pay,已死
 ,這, ,2.2%, ,是,拆,開給,的, ,1,+,0.5,+,0.7,，,不,一定,比吉,鶴, ,2%, ,高
 ,LINE, ,PAY,改用,熊卡好,了, ,到,2,月,還是,3%
 ,LINE, ,PAY,有,10%,不用,嗎
 ,3%,和,10%,是,哪家,？
 ,傻眼,，,等等,準備,來,電話,剪卡
 ,還要,數位,戶,自扣, , ,很久以前,的,V, ,banking,算數,位戶,嗎,?
 ,好,懶,得,再,辦新,帳戶
 ,不算,，,VBANKING, ,是,無,褶臨,櫃戶,。
 ,數位,帳戶,開戶,數要,交作業,，,各行,都,找,誘餌,吸引,客戶,加開
 ,跌落,神壇
 ,沒富邦,數位,....
 ,為,啥,要,強迫,綁,數位,帳戶, ,哭,啊
 ,謝謝,，,再見
 ,我用,大戶,就,2,％,了,，,6,萬才,封頂
 ,爛
 ,海外,加碼,只有,2000,名,，,也,太,沒誠意,了
 ,掰,惹
 ,0.7%,需要,數位,帳戶,，,總共,2.2%,也,是,沒多,吸引,人
 ,慘
 ,本來,要,看,明年,權益,決定,辦不辦,，,剛好,省,下,我,辦卡,的,時間
 ,如果,非,Linepay,也,是,2.2%,也,是,堪用
 ,明天,來,剪卡,QQ
 ,聯邦,也,非無腦,2%,，,是,1.5%,+,綁,數位,帳戶,NNB,才,有,2%
 ,慘,，,要,幫媽,媽換,辦別家,的,卡,了
 ,多一個,pasmo
 ,夕鶴國,內,2%,還,不用,開戶
 ,手邊,現有,的,卡,就是,中信,LP,跟,富邦,J,，,只能,無奈加,辦,帳戶
 ,一定,要,綁,富邦,數位,帳戶,才,有加,碼,喔, ,冷凍,了
 ,上,網點,一點,就,有,帳戶,了,，,何樂,而,不,為
 ,多一個,帳戶,就,還要,手動,放錢,進去,QQ
 ,聯邦吉鶴,2%,無腦,現金,回饋, ,2023,神卡候,選人
 ,現在,一堆,銀行,都,搞,自扣,加碼,，,每月,對,帳時,順手轉,就,好
 ,數位,帳戶,我,也,都,只,開,最低,權限,，,只拿來,扣款,。
 ,冰起,來
 ,請問,suica,和,日幣,加碼,登錄,時間,是,幾點,呢,？,文章,裡,只有
 ,寫,日期,，,但,官網,也,找,不到,相關,資訊,QQ
 ,剩下,搶,登錄,JCB,悠遊,10%,的,功能,，,可憐
 ,只,剩下,日本,有,搞頭,了,..
 ,一堆,懶人要,剪卡,就,快,去,剪,一,剪,啦, ,屁話,一堆
 ,之前,綁,數位,帳戶,是,多,0.5%, , ,現在,變,0.7%
 ,問題,是,有,一本,萬利,帳戶,",", ,所以,申請,數位,帳戶,不給,我過
 ,要,剪,就,快,剪
 ,有,實體,帳戶,一樣,可以,辦數位,帳戶, ,只是,獲利王,很,看,聯徵
 ,次數,啦,～
 ,防疫,險,摳,成,那樣,，,連,卡片,回饋,都,縮水,，,嘖嘖
 ,數位,帳戶,不,吸引,人,沒人辦, ,卡片,回饋,砍掉,還綁定,不,吸引
 ,人,的,數位,帳戶, ,不愧,是,獲利王
 ,最近,很多,人去,日本, ,日幣,匯率,又,低, ,刷,這張,5%,很,可以,啦
 ,可以,少辦,一張,卡,，,謝,囉,^,^
 ,哦,?, ,可是,我現,金價差,已,經達,6.5%,....,還,不用,手續費,?
 ,還要,辦,帳戶,自扣,?,我忘記,了,...,XD
 ,虧,我,對,它,這麼,支持,!,!,僅僅,這個,月,啦,!, ,XD
 ,這是,加碼,吧, ,很不錯,欸
 ,限量,2000,戶,(,上限,呢,?, ,不會,是,?,?,)
 ,有,一本,萬利,帳戶,?,我,也,有,...,QQ
 ,不用,綁,linepay, ,辦個,帳戶,就,無腦,2.2%,無,上限
 ,爛透,了, ,冷藏
 ,真的,",", ,辦數位,帳戶,",", ,不如,開,line, ,bank
 ,廢掉,了,…,.
 ,所以,現在,linepay,只,剩熊,卡比,較,好,是,3%,到,二,月底,？
 ,登陸,的,活動, ,5%,高機率,只是,場空
 ,綁,一般,存款,帳戶,自動,扣繳,不行,？
 ,ubear,上限,太低,了
 ,然後將,來,還沒公,佈
 ,不然,目前,將將,卡,也,有,無腦,5%,不用,低消, , , ,但是,上限,也,是
 ,低, ,明年,不,知道,會不會,砍,=, ,=
 ,括弧,內,就,寫,明要,綁,數位,帳戶,才,有加,碼,了,....
 ,2.2,無腦,刷,可以,啦
 ,只要,是,神卡,銀行,都,想,砍
 ,還好,我,等到,現在
 ,剩,1.5%,，,數位,帳戶,有,什麼,優點,啊,！
 ,5%,比起,之前,3.88%,還算,不錯,，,雖然,要,登錄, ,期望,伺服器
 , ,別,爆炸,呀,~,~
 ,國外,5%,不用,綁,數帳, ,還好
 ,沒有,數位,帳戶,就,1.5%
 ,又,要,開,帳戶,，,煩不煩,啊
 ,快逃,到,聯邦
 ,數位,帳戶,？,那本來,就,有,的,帳戶,呢
 ,日本,刷卡,5%,還要,跟,別人,搶,名額,登錄, ,感覺,有,很大,機會
 ,搶,不到, ,如果,搶,不到,就,剩下,3%,了, ,吉鶴卡,還有,保底,3.5%
 ,小氣,死,了,，,沒品,獲利王,，,準備,棄用
 ,外籍人士,又,不能,辦數位,帳戶,，,剩下,1.5,了,...
 ,還要,繼續,辦,帳戶
 ,數位,帳戶,要,新戶,嗎,？,不,可能,吧
 ,慘,，,2.2,還要,加綁,數位,帳戶,，,有夠,麻煩
 ,數位,帳戶,沒寫,限新戶, ,就是,舊戶,也,可以
 ,不想,辦太多,帳戶, ,明年,掰,了, ,先熊卡,和,花旗,擋,著用
 ,神卡,已,死,，,有事,請,燒紙
 ,要變,廢卡,了, ,剩,日本,消費能,用
 ,line, ,pay,還有兆豐,BT21, ,新戶,12,個,月,內,都,5%
 ,注意,事項,寫,加碼,回饋,以,自扣,申請,成功,當月,(,依,本行,核准
 ,時間,為準,),開始,計算, , , , , , ,語意,不,清楚,?,舊戶,?
 ,坐等,萬能,板友牌,組文
 ,2.2%,應該,開始,能算,低回,饋,了, ,跟,一堆,2%,差不多
 ,LP, ,PChome,加碼,的,時候,沒卡刷,了,QQ
 ,一片,推文,，,還以,為,改得,更好
 ,改辦,吉鶴,囉, ,卡片,還,漂亮,很多, ,我,曾經,的,神卡,再,見,了
 ,可以,剪卡,了
 ,還不錯,啊,，,無腦,刷,2.2%,提高,2%,",",line, ,pay,要,找,其他,家,了
 ,。
 ,line, ,pay,推,哪間, ,QQ
 ,明年,line, ,pay,要,綁,哪張,?, ,誰,來,推薦,一下
 ,想,知道,LINE, ,PAY,哪張,卡比,較,好,+,1
 ,完,了,玩,了,八比,Q,了
 ,沒辦,數位,變廢卡, ,賴點,卡後來,居上
 ,沒數,帳剩,1.5%, ,linepay,也,沒,了, ,可以,剪卡,了,吧
 ,轉成,花旗,無腦,2%,，,很,擔心,接下,來,花旗
 ,也,縮水,QQ
 ,換聯邦,賴點,卡,，,吉鶴
 ,花旗,網頁,好像,已經,是,2%,到,2023,年底,了
 ,抱歉,想,請問,一下,，,如果,沒有,搶,到,日韓,海外,登錄,名額,，
 ,這樣,日,韓旅遊,刷卡,就,一樣,是,只有,3.88%,嗎,？
 ,明年,沒,搶,到,是,3%
 ,剛好,2,月底,要,去,日本,，,15000,名應,該,蠻,好,登,的,！
 ,爛透,了, ,也,不想,辦,他們,的,數位,帳戶, ,這種,回饋,%,數我寧,可
 ,用,其他,現金,回饋,的,卡
 ,富邦,數位,帳戶,不是,有,5,萬,2%,嗎,?, ,被,嫌成,這樣, ,@,@,?
 ,不用,太,在意,，,反正,有,改,就,一定,有人,嫌,。
 ,5,萬,2%,目前,只到,月底, ,還沒,公告,是否,延續
 ,看來,要,變備,用,中,的,備用,卡,了
 ,去,韓國,應該,還是,推薦,這張,嗎
 ,linepay,改成,bt21,感覺,好像,不錯,，,雖然,有限,額,，,不過,2,.
 ,5or5%,無腦,也夠,多,了
 ,bt21,網頁,上,還沒有,112,年,的,吧
 ,樓上,google,就,一堆,新聞稿,了
 ,不,只要,富邦,帳戶, ,還,要是,數位,帳戶, ,沒有,的,要,去,開戶
 ,請問,bt21,是,什麼,？
 ,這樣,大戶,2%,還是,現金,比較,實用,吧, ,多,那,0.2%,要,刷,百萬以
 ,上,才,有感,吧
 ,富邦,養爛,球隊,+,搶到,好市,多卡
 ,J,卡權益,就,跟,屎,一樣
 ,綁,帳戶,真的,超爛
 ,沒自扣,剩,1.5%, ,看來,可以,找別,張,看看,了
 ,該換,了
 ,才,剛辦,這張,來,替代,渣打,現金,回饋,卡,，,即使,縮水,我,也,覺
 ,得,還行,，,至少,富邦,額度,直接,給,60,萬,（,渣打,11,萬,）
 ,拿來,當純,悠遊,卡登,JCB, ,10%
 ,一本,萬利,可以,嗎
 ,一銀,的,星璨,卡,至少,還有,2%
 ,一本,萬利,就是,一般,帳戶,吧,",", ,連,V, ,banking,都,不算,了
 ,sny, ,10%,刷,3000,到,頂,，,還要,低消,100,",",只能,期待,bt21,的,新
 ,年度,。
 ,2023,年,1,月,開始,活動,，,3,月,26,日,1600,登錄,？,？,官網,找,不
 ,到,相關,資料,>,<
 ,縮水,就,剪,，,銀行,才,會,推新卡,新,優惠來,搶客
 ,立馬變,廢卡,XDDDDDDDDDDDDDDDDDDDDD
 ,兆豐,bt21, ,https,/,/,reurl,.,cc,/,06egKY
 ,沒,理解,錯誤,，,新戶,6k, ,5%,/,6k,-,13k, ,3.5%
 ,感謝,陪,我,兩年
 ,乾,，,我,才,剛辦,就,這樣,，,氣死
 ,變,垃圾,了,，,還要,辦自扣,帳單,！
 ,網銀,是不是,不能,改, ,富邦卡,自扣,啊
 ,有,沒,有,20,萬,以上,大戶,的,卡,QQ
 ,這富邦,蠢到,爆炸,，,本來,是,他行,扣繳,的,，,一定,要,走,紙本
 ,然後數位,帳戶,沒,印鑑,，,所以,要,終止,後,自己,再用,網銀設
 ,大額,一般,消費,的,目前,就,2%,的,永豐,55688,到,3,/,31,跟,聯邦吉
 ,鶴到,6,/,30,啊, ,科科
 ,要,LINE,點的,話,就,一路,到,年底,的,聯邦,賴點,1.5%,+,0.5%
 ,繼續,拿,來,用,橘子,繳健,保費,好像,還行
 ,橘支,只能,繳到,2,月底, ,3,/,1,後,只能,帳戶繳,了
 ,我,想到,flypenguin,在,說,啥,了, ,一銀,ileo,也,是,這樣
 ,沒辦,法無痛,轉過,去, ,因為,他們,數帳,都,沒,辦法,綁,印鑑
 ,但,為,啥,聯邦,就,可以,用,NEWNEW,設定, ,J,卡看,來,要,先棄,坑,了
 ,網銀,好像,只有,原本,富邦,實體,帳戶,扣繳,改成,數帳,扣繳,可以
 ,冷藏,吧, ,還要,開戶, ,煩
 ,光一,想到,還要,什麼,自扣,劈裡,啪啦,就,不想,理它,了, ,這種,天
 ,氣我,已經,兩,三天,沒,出門,了, ,哭,阿
 ,假設,2,月,去,韓國刷,j,卡, ,回饋,也,可以,登錄,5%,嗎,？
 ,啊,，,我,講得,太,簡潔,，,早上,去,電富邦,詢問,，,客服,是,說
 ,他行,扣繳,的,，,不論,是,變,更,或是,終止,，,都,只能,走,紙本,申請
 ,然後因,為,我,想,改成,數位,帳戶,，,只能,選終,止,之後再,設定
 ,數位,帳戶,沒,印鑑,不能,用變,更
 ,很多,銀行,都,能,用,自行,扣繳,直接,蓋掉,他行,扣繳,，
 ,獲利王,還要,跑,紙本,，,我,聽,了,真的,傻眼, ,XD
 ,我,也,是,得到,一樣,回答, ,我,說,其他,銀行,都,可蓋,為,啥,你,們,如
 ,此麻煩, ,他,只好,說, ,我,寄回,郵,信封,給你, ,=,=
 ,最明顯,對,照組,就,聯邦, ,我,記得,當初,APP,點一點,就,新蓋,舊
 ,真的,很,想,吐,槽,，,不能,直接,蓋,就,別學別,人,玩,自扣,啊,…
 ,改爛,怒噓
 ,弱弱問,一下,，,聯邦,賴點,有贏,J,卡,嗎,？,一樣,要,開,帳戶,自扣
 ,也,才,2%
 ,賴點,沒贏,J,卡, ,但,我,應該,用吉鶴,了
 ,問了,客服, ,數位轉,一般,的,明年,辦自扣,一樣,符合
 ,2.2%,無腦,刷,還行,啊,",",改扣,數位,銀行,也,可以,",",但要,重走,紙本
 ,就,很煩
 ,原本,用富邦,一般,帳戶,扣,的,是不是,網銀點,一點,就,好,？
 ,樓上,",", ,沒錯,",", ,我,今天,網銀已,經變,更,了
 ,實體,卡,2.2%,無腦,刷, ,可,接受
 ,沒有,富邦,帳戶, ,卡費,都,是,用,中信,自動,扣繳, ,看來,該,冰,了
 ,要,改聯邦,吉鶴,了
 ,爛透, ,準備,冰起,來,了
 ,吐,了
 ,富邦,一般,帳戶,自扣,不行,？,已經,有,富邦,實體,帳戶,申請數
 ,位帳,戶還,需要,上,傳證件,嗎,？
 ,真的,爛, ,還要,申請,數位,帳戶
 ,基本上,每家,的,數一,跟,數二,都,還是,跟,數三一樣,要,那些,東
 ,西,吧,？
 ,實體,帳戶,跟,數位,帳戶,可以,流通,嗎,ZD
 ,原本,就,沒,開戶,用,自動,扣款,，,現在,這樣,感覺,這張,卡,沒用,了
 ,..
 ,j, ,cash, ,有,日韓,5%,嗎
 ,冰起,來
 ,已有,一般,帳戶,還要,再,辦數帳,嗎,...
 ,我,的,富邦,數位,帳戶,轉實體,薪資戶,，,不曉得,有,無,那,0.7%,..
 ,.
 ,認帳,戶,號碼,，,不認,帳戶,性質,。
 ,單筆,消費,如低,於,72,元,",",次,月,0.7%,四拾,五入,掉,(,隱含,低消,?
 ,請問,22,年,J,卡,",",LinePay3%,是,還要,開,帳戶,才,有,3%,嗎,？,是,不
 ,是,23,年,還要,多開,一戶頭,才能,拿到,完整,2.2%,？
 ,今年,下半年,是,用,LINE, ,Pay,就,有,1%,+,2%, ,不用,綁,帳戶,自扣
 ,準備,剪,J,卡,了,，,等到,1,月底,line, ,pay,點數,進來,就要,剪,了
 ,可以,當搶,JCB,悠遊,10%,的,卡,啦, ,XD
 ,推推
 ,1.5%,還,不是,現金, ,誰,會,想,用,這糞卡
 ,已,剪,，,富邦,只有,JU,一張,，,好久,都,沒刷,了,...,上次,刷,是,要
 ,把,JCB,悠遊卡,的,50,抵掉,，,剛剛,直接,在,app,數位,客服,剪,了
 ,已經,有,三個,富邦,的,帳戶,還要,加辦,數位,帳戶,好,麻煩
 ,目前,其他,家,沒,更好,的, ,已加,辦數位,帳戶
 ,明年,肯德基,刷,J,的,悠遊卡,有,10%,刷卡,金回饋, ,一樣,每卡,每
 ,月,30,元,封頂,300,元, ,這樣,可,combo, ,JCB,的,10%, ,科科
 ,低,於,3%,後,就,幾乎,沒刷過,這張,了,XD
 ,不要,用,這糞卡,就,不會,有,數位,帳戶,的,問題,了,啊,~,~
 ,網銀,已經,有,4,個, ,不想,再,開戶,有夠,麻煩
 ,只,保證保
 ,幸好,花旗,還沒剪,，,改綁,花旗
 ,日本,5%,變登錄,，,普通人,3%,，,跟,一般,卡,沒,兩樣
 ,冷凍
 ,所以,到,三月,活動,登錄,之前,日本,刷卡,都,只有,3%,嗎
 ,綁,橘子,繳費,有,回饋,2.2,％,吧
 ,爛透,了,，,還要,辦數位,帳戶
 ,日,韓加碼,登錄,也,沒得,登
 ,我覺,得,網頁,登錄,比,較,方便, ,不過,我,是,搶,昨天,的,LINE,禮物
 ,https,/,/,i,.,imgur,.,com,/,jvpKkuX,.,jpg
 ,Done
 ,登記,完成
 ,我,好像,習慣,他們,app,搶,了,，,網頁,反而,登錄,不到,。
 ,現在,匯率,大概,儲,12000,日圓,就,到,頂,了
 ,登錄,完成, ,差點,悲劇, ,可以,來,儲值,了
 ,跟,活動,第一天,的,匯率,，,差,了,快,1000,日圓
 ,趕快,來,儲值,，,不然,下個,月,15,之前,來,不及,入帳,就,白,搶,了
 ,已登,，,上個,月,去,日本,用,好,用,滿
 ,請問,這個,是,要,用,point,卡還,是,cash,卡刷,呢,？
 ,已登,，,昨天,熊熊,忘,了,LINE,禮物,哭哭
 ,已登
 ,現在,匯率,是,存台幣,多少,頂,？
 ,路過,感謝
 ,滿,了, ,哭哭
 ,請問,是,存,12500,比較,剛好,還是,12000
 ,我剛,匯率,換算儲,了,12330, ,正好,刷,2857, ,供,參考
 ,忘記,了,XD, ,不過,還好,我,都,用,吉鶴卡儲, ,XDD
 ,吉鶴,不是,要,實體,通路,？
 ,吉賀,肉身,測有
 ,刷卡,現金,回饋,－,日本,感應,支付,回饋,１,１,月
 ,差,了,快,1000,日圓,，,那,我,明年,才,要,出國,，,好像,也,未必,要,搶
 ,著現,在,儲值,了
 ,明年,再儲,可能,又,再,差,1000,日圓
 ,有,這麼慘,？,XDDDD
 ,1400,準時,已,登
 ,富邦,app,真的,難用, ,介面,醜到,不行
 ,所以,原本,就,有,3%,了,嗎,？
 ,哭,啊, ,這趟,去,日本,傻傻,買,了,pasmo
 ,?,?, ,what,?
 ,沒,搶,到,Q
 ,還,限量,?,?, ,笑,死,!,!,要,變成,新,乞丐,卡,嗎,?,?
 ,滿受,日圓線,金花,不,完,!, ,逼,我,買,房,嗎,?
 ,滿手,日圓,cash,花不完,!, ,逼,我,買,房,嗎,?
 ,希望,2023,年,也,會,有,欸,！
 ,今天,才,收到,回饋,XD
 ,中信,只怕,不核卡,，,沒有,額度,低,的,困擾,另一家,玉山,也,是
 ,太頻,繁辦,卡,了,，,你,才,剛辦,第一,張
 ,就,又,辦,了,另外,兩張
 ,我覺,得,剛出,社會,胃口,先,不要,那麼,大,，,先養,好,信用,分數
 ,賀核卡,，,先卡雞排
 ,我,中信,跟,國泰核,卡額度,都,是,偏,高,的,耶
 ,我覺,得,可以,先養,一下,信用,分數
 ,學生,存款,120,萬,竟然,辦不過
 ,我,看別,人學生,兩萬,存款,就過,了,QQ
 ,單親,學生,百萬,存款,，,太強,了,QQ
 ,如果,都,是,自己,存,，,真的,佩服,Orz,…,..
 ,我學生,時期,依序,辦,了,永豐,、,玉山,、,一銀,、,新光, ,畢業,後
 ,用,自營網,拍辦,了,富邦,、,國泰, ,只有,一銀未,核卡
 ,目前,除了,新光,未申,請,解除,學生,身分, ,其他,額度,都,6,萬
 ,都,20,歲,了,為,啥,還要,家長,同意
 ,因為,還是,學生
 ,新光,其實,有個,解法, ,但,不,一定,有用, ,那,就是,跟,他,吵,非全
 ,職學生,不算,學生, ,#,1YXajZ8i
 ,滿,20,歲,為,什麼,要家長,同意,？, ,而且,都,滿,20,歲,了,不,需要,特
 ,別強,調學生,身份,吧,？
 ,學,生就,有,120,萬,的,富,二代,竟然,辦不過,幫,QQ
 ,國泰,沒,辦過,比,較,扯
 ,我,隔壁,論壇,有問, ,有人,說,因為,我,短,時間,送,了,三家, ,聯徵
 ,拉滿,QQ, ,也,有人,說,因為,我,第一次,沒報,學生,身分, ,查到,就
 ,不會過
 ,我,20,沒報,學生
 ,富邦,、,玉山,、,國泰過,，,只,附,活存
 ,半年,後,辦,中信,、,花旗,也過
 ,中信,附健保,投保,紀錄
 ,花旗,為,了,確定,我,畢業,了
 ,附畢業,證書,、,戶口,名簿,、,一個,月薪,資袋
 ,我富邦,、,玉山,、,國泰,都,是,一起,辦,的
 ,三家,超過,後,，,辦,其他,家,就,不會過,了
 ,我滿,20,歲,那年,，,不,懂,的,情況,下辦,了,花旗,饗樂,只有,2,萬額
 ,度,。,之,後,搞懂,辦台,新,沒,講學生,有,10,萬額度,、,中信,20,萬,、
 ,玉山,30,萬給,你,參考,、
 ,ㄅ,ㄌ,心碎,一地
 ,會不會,額度,使用率,太高,？
 ,和,持卡,年,資關,係
 ,我,持卡,十年,，,年薪,75,，,從,3,萬,一路,調到,50,萬,...
 ,擺,300,萬,定存,",",申辦,尊御,世界,啊,",",額度,50,萬,↑,都,小事
 ,http,/,/,i,.,imgur,.,com,/,o4088TM,.,jpg, ,都,沒,在,刷
 ,#,1ZXYf,_,0e, ,(,Bank,_,Service,)
 ,不爽,剪掉,就,好,了
 ,補個,扣繳,憑單,而已, ,小事,啦, ,手指,動一動,寄信,又,花,不了,多
 ,少時間
 ,年,收才,150,，,額度,想,翻,倍感,覺,不,容易,，,如果,喊,+,20,大概
 ,可行,，,你,想,剪,就,剪,吧,。
 ,剪掉,吧,不用,用,的,這麼,心累
 ,連一毛,錢,的,存款,都,不用,，,丟個,扣,憑,就,調到,160,萬,了,，,銀
 ,行,最愛的,就是,扣,憑,，,比,你給,定存,單還,好調
 ,https,/,/,i,.,imgur,.,com,/,KvZVrgP,.,jpg
 ,分個,兩次,應該,就,沒,問題,了
 ,富貴要,人,幫,這麼,小心,臟, , ,是,要,以後別,人,怎麼,去,好,X,多買
 ,遊艇,、,豪車,啦
 ,直接,剪有,什麼,好客,氣
 ,想,剪,就,剪,啊, ,有,啥,好心,累,的,？
 ,扣,憑,好,用,+,1, ,我富邦,持有,10,年, ,從,20,-,>,80, ,每個,月,固定,扣
 ,台灣,大費用
 ,堅強,好,嗎
 ,富邦,比較,謹慎,，,補個,扣繳,憑單,就,好,了,！
 ,玻璃心
 ,萬,起跳,算高,嗎
 ,無戶,籍,是,指,？
 ,無戶籍,國民,算是,介,於,外籍,（,居留,證,）,和,有,身份,證,（,有
 ,戶籍,的,國民,）,中間,位置,，,持有,台灣護照,但,具有,其他,國
 ,家國籍,，,在,台持類,居留,證,（,卡片,基本上,是,一樣,的,，,需
 ,要細,看名,稱,才,知,不是,外國人,居留,證,）,，,雖,法律,在,近年
 ,來,有,稍微,改善,處境,，,但,銀行,原則,上,還是,在,風險,評估,上
 ,，,視同,外籍人士,，,所以,開戶,很,麻煩,Orz
 ,就,沒,有,戶籍,啊,XD
 ,簡單,說,就是,還沒,拿到,身分,證
 ,對,xD
 ,恭喜,國泰,核卡
 ,大概,是,疫情,除戶,的,人,吧
 ,林書豪,好像,也,是,無戶籍,國民,？
 ,會不會,今,明年,好市,多卡,各給,他,辦,一張,下去,就,先,破,関,cube
 ,及富邦
 ,海外,華僑,吧, ,這樣,的,人,很多
 ,恭喜,核卡
 ,是,有,中華民國,國籍,但是,在,台,無戶籍, ,是,這樣,嗎,？
 ,知道,自己,在,銀行,評估,系統,風險,超高,，,阿,不,就,去,改善,條
 ,件,？
 ,頂著,不,合格,的,條件,亂,送,審,只是,浪費,彼此,時間
 ,電影醬,狗,就是,演,這個,族群,的,故事,喔,，,以前,歌手,畢書,盡,就
 ,是,這樣,有,台灣護照,沒有,台灣,身份,證,。
 ,有,台灣,身份,證但,無戶籍,（,或,因離台,太久,被,除籍,）
 ,如果,打算,在,台灣長,居,一段,時間,，,可以,先,去,移民,署,恢,復,戶
 ,籍,，,這樣,辦卡應,該,會,比,較,容易
 ,有,另,一本,護照,吧, ,所以,不想,恢,復
 ,阿,...,33,歲,那,也,可能,是,不想,當兵,，,這個,35,歲,之,後,就,會轉
 ,了,科科
 ,可以,拿,完首刷,禮之後加,辦別,的,卡,再剪,CUBE,重辦
 ,原,po,是,男生,?, ,剛剛查,，,除役,是,滿,36,歲,當年,的,12,／,31,才,除
 ,役,，,不是,35,哦
 ,除籍,很常見,啊, ,一堆,疫情,前,出去,的,朋友,都,被,除籍,了
 ,無戶籍,國民,跟,除籍,的,國民,不,一樣
 ,不過,這裡,也,不是,移民,署版,不用,細究,，,反正,他,拿,的,是,居
 ,留證,，,就是,外國人,身份,。
 ,韓國華僑,都,這樣
 ,除戶,籍,那,是,被,戶政遷,出國外,吧, ,跟,無戶籍,國民,不,一樣
 ,後,者,跟,外國人,我,覺得,是,沒什麼,分別
 ,感謝,前,幾樓,資訊, , ,持,居留,證開戶,會,較,困難,嗎,？,家人,持居
 ,留證,開戶,沒有,遇到,問題,，,只是,信用卡,申辦,需要,保證,人
 ,移民,署, ,板,？
 ,就是,單純怕,欠款,要,不到,而已
 ,祝,明年,富邦,J,順利,核卡,，,加油,！
 ,無戶籍,國民,?, ,PK,除籍,?, , ,都,幾,?
 ,無戶籍,國民分,2,種,：
 ,1,., ,因出國,被,除籍,的,人,，,有,台灣,身份,證,&,護照,，,只是,因為
 ,出國,太久,被,暫時,除籍
 ,2,., ,海外,華僑,，,有,台灣護照,但是,沒有,台灣,身份,證,，,進出
 ,台灣,需持入,台證,，,從來,沒,在,台灣,登錄,過戶籍,，,只是,因為
 ,父或母,是,台灣,人,而,取得,護照
 ,無戶籍,國民解釋,起來,真的,是,有,點花,時間,XDD
 ,國泰世華要,感謝板,上,ypwalter,大,的,鍥,而,不,捨,！
 ,領有,身分,證,但是,被,除籍,的,人,，,不,等同,於,無戶籍,國民,吧
 ,光是,護照,上,有,身分,證字號,就,不同,了,XD
 ,恭喜,核卡, ,這種,確實,好像,比較,難
 ,好處,全,拿
 ,回,joy159357,，,拿,無戶籍,國民是,國民,，,不是,外國人
 ,你,說,的,外國人,拿,的,會,是,外僑,居留,證
 ,可加辦,小小,兵卡,，,覺,的,掛在,台灣,pay,上,感應,支付, ,回潰
 ,很不錯
 ,我記,帳時,就,順,便,把,回饋,的,也,算,進去,",", ,這次,點數,分開,就
 ,還是,要,核,對, ,(,我, ,10, ,月,有,刷, ,2, ,萬多,還要,等到, ,11, ,月底
 ,才,會,知道,加碼,的,點數,正,不正,確,)
 ,我,已,經放棄,算了,，,彰銀,的,買購,六日,回饋,超紀,複,雜,...
 ,彰銀, ,My, ,購卡,有點,時間,沒,在,用,了,",", ,現在,是,用, ,My, ,樂倒還
 ,單純些, ,(,卡片,本身,權益,通路,大致,上,還要,看,一下,",", ,額外
 ,的, ,6pay, ,就,只,挑,六日,搭,對,應,的, ,pay, ,去,店家,使用,)
 ,https,/,/,i,.,imgur,.,com,/,HbAohLs,.,jpg, ,完全,忘,了,刷,多少
 ,，,虧爆
 ,分開給,很,難算,容易,刷,過頭
 ,樓上,把,有,在, ,9,/,1,~,9,/,30, ,刷卡,消費,的,紀錄,一筆,一,筆驗算,就
 ,知道,了
 ,因為,可能,會,用到,兩期,的,帳單,",", ,這樣,才能,算出,加碼,的,部分
 ,反正,有,透過, ,LINE, ,Pay, ,刷,的,加碼, ,2%,",", ,其他,都, ,1%
 ,拿滿, ,5000, ,點的,話,",", ,全透過, ,LINE, ,Pay, ,刷,也,要, ,25, ,萬
 ,的,消費
 ,現在,點數,算法,都,是,無,條件,捨,去,",",要,回饋,都,要,以,50,元維
 ,1,單位,",",未滿,50,元,就,都,沒,有
 ,我,都,抱,著,沒少,給算,賺,到, ,懶得記,了
 ,樓上,那位,哥,真的,能夠,探,上限,欸, ,好強,XD
 ,無條件,捨,去,？,不是,四,捨,五入,嗎,？
 ,無條件,捨,去,不,就,變成,滿百才,給點,了,？
 ,買夠,的,%,數有,分月,回饋,跟季,回饋,不,一樣,...,也,就是,三個,月
 ,後,你,要,自己,算,前面,三個,月,有,什麼,是,不,符合,加碼,，,然後再
 ,打去問,客服,，,數字,對,不,起來,是,常有,，,到,最,後,我,請,客服,算
 ,，,金額,少,很多,，,可是,要,往前,追,一年,，,一張,一張,帳單,對,，
 ,換言,之,，,他系統,有,歸類,上,的,問題,，,之前,你,當月,不,知道,後
 ,面三個,月,，,如果,你,不,即,時,當季,（,一季,三個,月過,了,當下,其
 ,實就,不能,算,“,即時,”,了,）,甚至,一年,才,算,，,保證,你,頭痛,，
 ,跟,客服,花,40,-,50,分鐘,真的,常有,的,事情
 ,我,只有,第一,個,月,有驗算,。,之,後,就,相信,系統,吧,XD
 ,因為,算,起來,真的,很累,@,@,，,尤其,幾乎,都,是,小額,消費,，,筆
 ,數有夠,多,～
 ,看,你,時薪,有,多,低,；,如果,我,時薪,有,500,以上,，,我,幹麼,花,兩
 ,小時,去驗算,不到,200,的,回饋,。,不過,如果,連這都,想不通,的
 ,話,的,確時,薪低,是,有,道理,的
 ,刷,完,我,都,當有,回饋, ,懶得,再花,時間,回,追,了,=, ,=
 ,懶得算
 ,不會
 ,J,卡是,四,捨,五入,阿, , ,有,改,嗎,？
 ,第一句,錯,了, ,是,7,月,開始,就,改,了, ,XD
 ,放棄驗,算
 ,之前,只要,消費,17,元,就,有,1,點,，,17x0.03,=,0.51,四,捨,五入,=,1
 ,點
 ,有,登有,推,，,謝謝
 ,謝謝,提醒
 ,AP,永豐,魔,獸,刷,完,的,替代,方案
 ,有,登有,推
 ,謝謝,提醒
 ,有,登有,推,，,感謝
 ,感謝,提醒
 ,有,登有,推
 ,拿來,綁,橘支,7,-,11,繳水電,可以,嗎
 ,謝謝,提醒
 ,有,登有,推
 ,已登
 ,看,了,一下,應該,是,每月,20,都,要,登錄
 ,有刷,的,注意,一下
 ,已登, ,謝謝
 ,請問,這個,會,不會,很,容易,額滿,？
 ,已登,，,謝謝
 ,謝謝,提醒
 , ,https,/,/,i,.,imgur,.,com,/,VC91Q1M,.,jpg
 ,謝謝,提醒
 ,我覺,得,是,不,難,登,，,畢竟,回饋,的,是,momo,幣,，,有,的,人,就,喜
 ,歡現,金,，,不過,對,於,每個,月,到,了,20,號後,，,回饋,上限,刷,的
 ,差不多,了,的,我,來,說,，,多一張,5%,還是,堪用
 ,沒登到,，,額滿
 ,結果,馬,上,滿,？,不過,活,整整,一天,還是,Ok,吧
 ,+,1, ,真的,很多,刷滿,了, ,還好,有,登錄,這張
 ,PO,在,這邊,還能活,一天,也,厲害,了,。,嚴格,講是,活,8,小時
 ,以前,是,活好,幾天,都,沒滿
 ,讚
 ,請,問當,月,行動,支付,刷,momo,卡幾號,會入,購物金
 ,Mono,幣,？,能用,嗎,？
 ,1,/,31,刷行動,支付,，,2,/,3,有,入帳,基本,的,1%
 ,先入帳,基本,1%, ,請問,那,剩餘,的,4%,何時,入帳
 ,costco,卡還,是,沒,有,消息
 ,加碼,的,2%,回饋,是,隔,2,個,月,才,會,入點,嗎,?
 ,限量,5000,名,，,富邦,不愧,是,金控,獲利王
 ,很少,登錄,富邦,的,活動,，,請,問是,額滿,關閉,，,有,登錄,成功,就
 ,有,嗎,？
 ,對, ,跟,聯邦,的,邏輯,一樣
 ,謝謝,！
 ,已登錄, ,謝謝
 ,有,PX, ,Pay,耶,，,已登錄, ,感恩
 ,這個,小額,支付,平台,可以,認列,消費,嗎,？
 ,獲利王,?,?, ,我,看,她,明年,要發,1.2,還是,0.8,現金,股息,?
 ,加碼,2%, ,MOMO,幣應,該,都,會,有, ,原本,的,1%, ,Momo,幣,就要,看原
 ,卡,認定,的,方式,了,吧,？
 ,已登錄,，,感謝
 ,momo,幣,使用,範圍,比,較,受限,，,要,一直,一直,消費
 ,回,分行,換卡,吧
 ,上禮,拜,也,是,凌晨,(,睡夢中,),被,登入,momo,帳號,，,直接,刷,momo
 ,卡,，,過了,兩個,小時,左右,才,發現,有,盜,刷,。
 ,你,這連,手機,都,被,駭,進去,了,（,簡訊,分類,）,，,如果,不是,身邊
 ,的,人,那,問題,頗,嚴重,…
 ,沒遇過,手機,沒,otp, , ,倒,是,很多,email,延遲,很,久,才,收到
 ,新裝置,登錄,momo,，,momo,也,會,用,otp, ,傳到,會,員,註,冊,電,話
 ,https,/,/,i,.,imgur,.,com,/,eLWwYmX,.,jpg
 ,所以,是,怎麼,被,登錄,momo,會員盜,刷, ,這實,在,蠻,怪異,的
 ,都,沒,看到,簡訊,幾乎,可以,確定,是,有,病毒,吧
 ,如果,你,的,描述,都,是,正確,的,，,那幾乎,代表,你,的,手機,中,了
 ,木馬,，,要不然,就是,身邊,有人,能,碰到,你,手機,，,他,做,的,，
 ,自己,想,辦法,解決,吧,，,不然,換了,卡盜,刷,還是,不會,停
 ,momo,刷卡,好像,都,不會驗證
 ,剛用,國泰刷,pchome,也,沒驗證
 ,OTP, ,被,開,啟且,被,丟到,垃圾桶,？,這是,什麼,意思
 ,P,家,mo,驗證, , ,好像,是,隨機, , , ,有錯,請,指正
 ,謝謝,各位,關心,，,客服,已經,協助,換發,卡片,了,，,也,已經,更
 ,改密碼,了,，,現在,momo,要,登入,會員,也,有,多,了,一道,手續
 ,而且,momo,已經,將遊,戲點,數卡下,架,了
 ,OTP,被,開啟,是,指,EMAIL,也,被,盜用,了,，,讀取,完就將,信件,丟
 ,掉,垃圾桶
 ,手機,沒,有,被,其他人,接觸,，,應該,也,沒,有,中木馬,程式,，,家人
 ,的,帳號,也,有用,我,的,手機,登入,，,但是,只有,我,的,被,盜用
 ,不是,手機,被,駭入,是,EMAIL,被,盜用
 ,mail, ,現在,都,有,兩步驗證,，,去,打開,吧,。,比較,不好,盜,。
 ,MOMO,聽到,你,的,聲音, ,現在,網頁,版,每次,登入,都,要驗證,了
 ,雖然,比,較,安全,，,但,也,太麻煩,了,吧,！
 ,哪家,銀行,OTP,不傳,簡訊,的,？
 ,你,如果,是,momo,號碼,錯,就,找,momo,啊, ,不是,同個,集團,都,隨便
 ,找個,子公司,就,能,全改,啦,…, ,信用卡,的,很,難錯,吧
 ,改,momo,綁定,的,手機,號碼,不行,嗎,？, ,基本,資料,那裡, ,不然
 ,就,電話,客服
 , ,下方,有個,02,的,客服,電話,打過,了,？
 ,而且,通常,申請,時,不是,都,會,otp,確認,申請,手機,資料,嗎,？
 ,猜富邦,網路,銀行,的,個,人,服務,-,我,的,個,人,資料, ,還是,錯,的,..
 ,富邦,至少,有,兩,組電話,號碼,在,他們,資料,庫,，,一個,單純,otp
 ,的,，,跟,帳戶,轉帳,otp,的,是,不同,電話,，,我,之前,也,是,撞,到問
 ,題才,知道,，,不,知道,你,這個,是不是,又,是,富邦,的,傑作,，,不
 ,知道,用,了,哪個,另外,電話,紀錄
 ,用,你,momo,卡申,請,的,正確,手機,號碼,，,去,申請,新,的,momo,購物
 ,帳號,就,可以,了
 ,沒,綁定,一樣,可以,用, ,你,就,刷卡,時, ,輸入,momo,卡號,就,好
 ,綁定,只是,方便,你,以,後,不用,一直,輸入,吧,?
 ,等,卡片,來,就,好
 ,這綁,卡驗,證應,該,算是, ,富邦,銀行,的,問題, ,請,他們,查詢,正
 ,確再,說, ,不然,你,先試,刷,其他,需要,otp,的,網站,看看, ,需綁,卡
 ,的,帳戶, ,看,是否,能,收到,綁定,的,otp,簡訊
 ,就,能,看,見,是否,為,正確,的,手機,資訊, ,蝦皮,應該,可以,測試
 ,試完,再,砍,卡,就,好
 ,借問,一下,momo,卡綁,在,momo,結帳,都,不用,驗證,的,嗎,？,能否
 ,使用,OTP,驗證,？
 ,OTP,是,看,商家,要,不要,開,的, ,跟,發卡,銀行關,係,不大,....
 ,這個,綁定,不是,設定,5%,MO,幣要,歸戶,到,哪,嗎
 ,年,消費,12,次,…
 ,https,/,/,i,.,imgur,.,com,/,2ODaKJV,.,png
 ,不是,頂級,卡,基本,都,不用,擔心,年費,問題
 ,官網,下面,免年費,方法,那麼,多,",", ,都,很,簡單,吧, ,?
 ,這張,卡,我,一年,消費,不到,1,次,也,沒,有,出年費,，,如果,哪,天真
 ,的,出,了,再,請,客服,處理,就,好,，,這張,卡,不是,什麼,頂級,卡,，,只
 ,是,一般,般的,等級,，,很,好,處理,的,。
 ,而且,年費,都,是,預收, , ,等,出,了,再,去,談心,失敗,了,再剪,卡,也
 ,不用,付年費
 ,除非,你,都,沒,在,關注,帳單,明細,，,然後都,自動,扣繳
 ,很,容易,跟,我,姊,一樣,，,年費,都,繳了,幾個,月,才,發現
 ,MOMO,任刷,一筆,就,不用,年費,了,...,很,好,處理,啦
 ,不是,電子,帳單,就,免年費,了
 ,如果,你連,這四個,條件,都,達,不到,，,那,還是,勸,你,剪卡,吧
 ,電子,帳單,就,免年費,了,，,這張,還有,寫,清楚,，,聯邦,微風非
 ,頂卡官,網到,現在,還沒寫,電子,帳單,就,免年費,，,還是,寫,要
 ,刷滿,一定,金額,才,免年費,，,上個,月,找,聯邦,客服,故意,用快
 ,出年,費當,剪卡,理由,剪掉,都,沒,在,刷,的,微風卡,，,客服,一直
 ,強調,用,電子,帳單,已,經免,年費,了,，,講到,最,後,還端,出後三
 ,個,月,每個,月,100,元,刷卡,金,挽留,，,最後還,是,沒,剪,成功,反而
 ,賺,300,元,。
 ,MoMo,任刷,一筆,XDD
 ,綁,一個,富邦,LINE,好友,就免,年費,了,，,這樣子,也,做,不到,？
 ,年,刷,12,次,都,辦,不到,喔, ,去,超商,買,飲料,刷卡,就,好,了,啊
 ,電子,帳單,就,搞定,了,，,如果,什麼,都,辦,不到,。,打,一通,電話還
 ,是,能,搞定
 ,辦電子,帳單
 ,自動,扣繳,不是,也,能,嗎,，,應該,沒難度,吧,…
 ,綁,便利商店,的,錢,包,隨便,也,能,達標,12,次,..
 , ,這張,不是,電子,帳單,就,OK,了,嗎, ,0.0,a
 ,大家,說,的,電子,帳單,或者,+,LINE,免年費,都,到,今年底,而已
 ,我,請,教,的,是,次年,免年費,的,方式
 ,我,是,使用,自動,扣繳,，,真的,是,怕,到,時候,傻傻,繳了,也,沒,發現
 ,謝謝,各位,的,熱心,回覆,~
 ,基本上,都,一樣, ,這張,不是,頂卡,不會,刁難,你,一定,要,年費
 ,真的,很,擔心,就是,年費出,帳後打,客服,剪卡
 ,會辦,這張,卡,不,就是,會,常用,momo, ,一個,月,買,一次,都,辦,不到,?
 ,加,YTer,會員
 ,優惠,都,有,期限, ,每年,還是,會續,呀
 ,在,MOMO,買,週期購,的,用品,，,例如,咖啡,，,一年,12,次免,年費,，
 ,週期購,還有,回饋,MOMO,幣,。
 ,我,整年,沒刷,沒,被,收過
 ,你,Google,一下, ,momo,卡,，,拉到,官網,畫面,最,下面,，,有,提供
 ,四種,免年費,途徑,，,其中,一個,是,綁定,台北,富邦,銀行,LINE,官
 ,方,帳號,，,就,只要,這樣,，,就,完全,免年費,了,。
 ,免年費,方案,，,四選,一,，,符合,其中,一個,就,能免,年費,。
 ,申請,電子,帳單,也,是,其中,方式,。
 ,剪卡
 ,這些,條件,都,達,不到,的,話,，,我,很,好奇,為,什麼,還要,留,這張
 ,卡
 ,辦,MOMO,卡,一年,還刷,不到,一次,momo,應該,也,不用,辦,了,吧
 ,一年,消費,12,次,不限金額,的,話, ,應該,是,滿,容易,的,吧
 ,常,上去,買,民生,用品,就,好,了, ,衛生紙, ,飲料,之類,的
 ,7,-,11, ,10,元, ,麥香, ,12,次
 ,一天,三餐,喝養樂,多,，,4,天就免,年費,囉,！
 ,簽到,搶紅包, , , ,刷,mo,幣加,1,元,即,享券, ,一年,常常,可以,吃,到
 ,免費,即,享券餐
 ,12,次,有,難,嗎,=, ,=
 ,12,次, , ,蝦皮, , ,買,多多,就,12,次,惹
 ,12,次, ,你,有訂,串流,平台, ,用,這張,卡,不,就,達標,了
 ,蘋果級,的,客戶,打,客服,談心,一下,就,減免,了,～
 ,連,momo,都,刷,不到,一筆,，,剪,了,吧,。,不,懂,你,辦卡要,幹,嘛
 ,12,次,隨便,刷,都,有,了,吧
 ,這種,廢卡,還要,收年費,喔
 ,蝦皮,票券,現在,這麼,鳥,",", ,現在,不太能,靠,這養,卡,了,",", ,至少,是
 ,不太,可靠,了,",", ,搶不贏,機器,人,",", ,除非,接受,那,很,一般,的,價格
 ,12,次,隨便,看,不,小心,手滑,都,不,知道,幾次,了, ,...
 ,加,12,次油,不,就,得,了,?
 ,渣打,免年費,條件, ,要,消費,12,次,沒達,到, ,打,去,客服,就,減免,了
 ,有,綁,星巴克, ,自動,加值, ,但,沒計算,好
 ,那個,到,年底,的,年費,減免,方式,，,正常,都,會,延續,，,明年初,沒
 ,延續,再,來,煩惱
 ,綁個,LINE,官方,帳號,好友,不難,吧
 ,現在,普通卡,年費,沒人收,的,吧, ,趕走,客戶
 ,樂,天虎,航聯名,卡,：,（,默,）
 ,要,辦卡,的,時候,條文,不是,都,寫,得,很,清楚,？
 ,出年費,再剪
 ,一個,是,吃,平台,回饋, ,一個,是,吃,推廣期,間,回饋, ,很,好,選,吧
 ,我現,在,都,在,實體,店面,買,7,折,，,良品,週會,再,9,折,，,但會,受
 ,限,地理位置
 ,博客,來,每月,活動,搭配,折價券,也,81,折,，,不,包括,信用卡,回饋
 ,(,有些,10%,),及,博客,來,另,有,鑽石,1.5%,。
 ,新戶,選首,刷禮,想要,的,...,舊戶,就,都,加辦
 ,如果,還沒有,富邦,帳戶, ,持有,momo,卡新,辦富邦,帳戶,自動,扣
 ,繳卡費,有,300,元
 ,中信,的,聯名,卡,不是,有刷滿,3000,，,隔年,生日,送,900,？,這樣
 ,比較,優惠,吧,？
 ,兩張,都,辦,不,就,好,了
 ,問,就是,都,辦
 ,補充,上面,推文,，,實體,店面,是,搭配,使用,op,券,7,折,，,月初,去
 ,買,又,剛好,遇到,滿千現,折百,，,只要,6,折多,，,全省,只有,北高,2
 ,家,，,不住,北高,就,沒,辦法
 ,二張,都,不錯,，,我,是,分開,用途,使用
 ,博客,來要,精算,才,拿,得到,81,折,，,之前,常有,icashpay10%,或,c
 ,ube10%,搭配,下來,就,很,補,。
 ,都,同,一家,也,不是,只能,辦一張,，,何必,選,？
 ,兩張,都,有
 ,兩張,都,有, ,都,沒,在,管理, ,也,沒,在,刷,XD
 ,兩張,都,有, ,必備,卡
 ,如果,管理,是,實體,卡,的,部分, ,那,J,虛擬,卡,MOMO,實體,卡,就,好,啦
 ,同,一家,的,帳單,在,一起,沒差,吧, ,問,就是,都,辦
 ,問,就是,都,辦, ,不過,j,卡能,用,的,地方,比較,多
 ,兩張,都,有,.,都,偶爾用,XD
 ,如果,只要,專用,momo,選,momo,卡
 ,J,卡辦,到,現在,沒刷,半次,，,完全,無用
 ,網購,卡有,更好,選擇
 ,我會選,momo, ,momo,店外,可以,無腦,3%, ,店內,5%,甚至,10%
 ,J,卡,就,無腦,神卡超,好,用
 ,momo,卡權益常,巴比,q,",",店外,3%,是給,momo,幣不實,用,，,line,點
 ,100%,折抵,能刷,line,就,能,折,除了,繳費,例外,，,j,卡是,富邦主
 ,推卡萬年,3%,不變,。
 ,line,點很難,用,，,常買,momo,就,用,momo,幣
 ,line,點比,momo,幣好,用,太,多,了,好,嗎
 ,不過,消費,額度,不是,太高,的,話, , ,linepay,有,不少,卡,就是,了
 , ,j,卡非,首選, , ,這是給,消費,高,的,用,的
 ,然,後, ,如樓,上, , ,都,辦,也,沒差,就是,了
 ,啊,原,po,就常,在,momo, ,買,東西,啊, ,本人,用,得到,就,不,難用
 ,Momo,幣才,難用,吧,？,line,點,可以,刷,momo,啊
 ,J,卡,就是,一般,消費,和,linepay,通殺, ,又,高,上限
 ,Line,根本,好用, ,到底,是,在,同一,個,時空,嗎
 ,line,點數,有,什麼,用,？
 ,line,點,可以,用來,linepay,啊
 ,line,一堆,購物網,和,實體,通路,可以,用,，,momo,幣,限制,那麼,多
 ,原始人,曰,：,line,點是,甚,？,能,吃,嗎,？,已知,用火,。
 ,Line, ,point,連買,飲料,都,可以,用,了,，,不好,用,嗎,XDDD, ,只有
 ,可以,用,line, ,pay,的,店家,（,包括,超商,）,都,可以,用,啊
 ,line, ,point,難用,，,請問,是,住,很,偏鄉,嗎,？
 ,會,問出,line,點數,有,什麼,用, ,我,很,難,跟,你,解釋
 ,同家,銀行,的,有,什麼,好問,的,，,都,辦,不,就,好,了
 ,咦,！,超商能,用,line, ,pay,嗎,？
 ,如果,是,指美聯社,，,那的確,可用,，,但,四大,超商,可以,用,嗎
 ,？
 ,除了,全家,外三大,超商,LINE, ,Pay,都,可以,用富邦,卡, ,但,沒原
 ,卡回,這樣, ,但,可以,用,LINE,點抵, ,不過,發票,是,開,抵扣,後,的,金
 ,額, ,因此,全額,抵扣,是,0,元,發票,無法,對獎,兌獎,的
 ,啊,不,對, ,全家,也,可以,綁,富邦卡,了, ,所以,四大,都,可以,用
 ,感謝,解惑,，,這樣,看,起來,有,點慘,@,@
 ,沒原,卡回,「,饋,」,這樣,←,漏字
 ,富邦,J, ,/,Line, ,pay,，,簡單,方便,實用,！
 ,同數位,客服,回答
 ,同數位,客服
 ,同數位,客服
 ,謝謝,各位, ,看來,就是,次,月底,了
 ,同數位,客服
 ,限新户,哪,有神,？
 ,喔, ,真的假,的
 ,扯
 ,？,？,？,量,很大, ,在,哪
 ,神爛
 ,繳稅,沒,？,你,的,新聞,廢文,真的,量,很大,欸
 ,又,來,了
 ,神,尊重
 ,神卡還,需要,進化,？, ,太扯,了
 ,你,還在,啊
 ,ID
 ,需要,富邦,j,卡,專屬,連結,，,請,私訊,我
 ,新光,OU,點點,卡,MOMO,消費,22%,捏
 ,噓富邦
 ,感謝
 ,已登,，,感謝
 ,已登
 ,3Q
 ,已登
 ,已登,，,感謝
 ,已登,3%,，,感謝
 ,店外,別刷,這張,了
 ,不用,有,低消,，,直接,可以,取代,幣倍,卡,的,行動,支付,了
 ,我,這張,店外,是,拿,來,刷,全聯,的,，,樓上,說,的,有,含,全聯,嗎,？
 ,上限,30,?,?,..
 ,跟,J,/,JU,一樣, ,但,J,/,JU,還,可以,combo, ,JCB, ,10%, ,科科
 ,悠遊卡,上限,消費,300
 ,黑桃, , ,不錯,耶
 ,30,是,什麼,垃圾,上限
 ,以為,少,一個,零,",",進官,網還,真的,是,30,！
 ,好看
 ,看起,來,對,胃口,多,了
 ,啊,就,獲利王,咩, ,J,/,JU,回饋,上限,也,是,一樣,每卡,每月,30
 ,不過,MOMO,卡,還有,到,年底,前,回饋,總額,50,萬,的,但,書, ,廠廠
 ,黑桃,xD
 ,話,說,J,卡什,麼,時候,才,要,出,黑色,卡面,啊,？
 ,右下,那個,沒有,黑化, ,失敗
 ,logo,怎沒換,成銀色,版
 ,怎,不,直接,說,回饋,100%, ,上限,30, ,不是,更好,聽
 ,30, ,XD, ,獲利王,是,把,申請,人當,乞丐,施,捨,喔
 ,30, ,？,！, , ,不愧,是,獲利王
 ,momo,倒過,來,看,就是,3030,，,送,30,很,合理,XD
 ,紅水,，,黑,大板,，,新版,舊版,都,好看,。
 ,5,％,再,回來,更好,。
 ,到,年底,都,還是,5%,",",只是,分開給,...
 , ,https,/,/,i,.,imgur,.,com,/,v2rmerS,.,jpg
 ,才,剛辦,醜醜,的,粉色,卡,...
 ,比舊,卡,好看,多
 ,30,的,通路,上限,300,還,可以,啦
 ,只是,滿,好笑,的, ,真的,懷疑,是,打錯
 ,30,其實,不,奇怪,，,因為,那,是,要,用,悠遊卡,支付,，,悠遊卡,之前,單
 ,筆,最高,金額,是,1000,元,，,而且,這三個,地點,單筆,30,也,說,得,過去
 ,卡面,不錯,啊
 ,字面上,的,意思,好像,是,悠遊卡,扣款,就,好,，,不,需要,被,一次,自動,加值
 ,五百,。,自己,儲值,三百元,，,花完,收工,？
 ,跟,J,/,JU,一樣,悠遊卡,扣款,每卡,每月,3,通路,共封頂,300, ,因為,沒
 ,有,像,JCB,有,自動,加值,回饋, ,所以,自己,儲值,也,行, ,不過,要,注意
 ,MOMO,卡,的,活動,有,總,回饋,上限,50,萬, ,額滿會,公告, ,所以,要,用
 ,之前,請,記得,上官,網確,認額,滿,沒,喔,～, ,XD
 ,（,不過,J,/,JU,是,三通,路分,開算且,沒,有,總,回饋,上限, ,^,^,"""",）
 ,需要,為,了,30,去,儲值,扣款,嗎,....
 ,自行,決定,囉,～,2,+,1,月,的,回饋, ,XD
 , , , , , , , , , , , , , , , ,^,個
 ,好看,太多,了,啊
 ,現有,卡要,怎麼,換新,卡面,啊,？
 ,又,一張,廢到,笑,?,?, ,不會,吧,?,?
 ,為,了,卡面,申辦,了,XD
 ,月初,才剛,申辦,，,選了,綠色,奇異果,卡面,，,這,黑色,真的,有,好多,了
 ,加辦, ,好看,太多,了, ,有,時候,真的,不,懂,台灣,人,的,美學,到底,出
 ,什麼,問題, ,明明,可以,設計,的,很,有,質感, ,接受度,也,普遍,高
 ,卻,都,要,搞,一些,很,摟,的,來,羞辱,民眾,的,品味
 ,momo,這張,從,一,推出,沒,多久,就,辦到,現在,，,回饋,金,也,拿,了,將近
 ,兩萬,，,實體,卡,真的,沒,在,使用,，,辦,了,之後卡,還沒來,就,綁,了,momo
 ,線上,消費,，,卡面,有,差,嗎,？
 ,今天,看到,立馬,加辦,，,到手,了,再,把,之前,的,粉紅,剪掉
 ,還,可以
 ,話,說線,上,辦卡,，,卡未,到,就,可以,先刷,，,這點,很,不錯,，
 ,還是,覺得,黑色,有質,感多,了,，,希望,卡片,到期,後,，,可以,選黑絲,的
 , , , , , , , , , , , , , , , , , , , , , , , , , , , , , , , , , , , , , , , , ,錯字,→,黑色, ,=,=
 ,好看,多,了,！,原本,那個,粉紅,桃子,挺,沒質,感,的, ,奇異果,也,是
 ,收到,實體,卡,了,，,覺得,不錯,看
 ,摸摸,幣,ㄏ,ㄏ
 ,mo,三,小路,用
 ,MOMO,已死, ,有事,燒紙
 ,如果,4,％,還有點,搞頭
 ,3%,momo,幣, ,怎麼,不,吃大便,呢
 ,綁,台灣,PAY,這樣,484,有,5%,...
 ,刷,J,卡,無,上限,3%, ,刷,這幹,嘛
 ,momo,幣有,時效性, ,廢
 ,獲利王,你,敢,嘴,？
 ,垃圾,mo,幣,，,可憐,5%,我,都,懶,得,刷,，,還調,降
 ,有,在,買,momo,的,覺得,傷心,.........
 ,加油,還是,用,玉山,商務
 ,雙,11,/,12,的,mo,幣都,還不,知道,要,買,什麼,來,花掉,，,這個,3%,還要,登
 ,錄,…,直接,pass
 ,沒有,登陸,只有,1%,回饋,，,且,momo,幣還,有,使用,期限
 ,別,這樣,嘛, ,mo,幣不錯,啊, ,台灣,pay,加持,+,2%, ,勉勉,強強,啦
 ,垃圾,幣
 ,每月,固定,有,在,加油,推, ,感謝
 ,後,悔,辦,momo, ,QAQ, ,還是,第一,張卡,，,不能,剪卡
 ,樓上,可以,改辦,J, ,point,啊,，,3%,無腦,滿,方便,的
 ,momo,原本,的,優勢,就是,momo,上,5%,，,現在,沒,5%,後,真的,還好
 ,有人,有,注意,momo,綁,行動,支付,視同店,內,交易,這條,嗎,？,那,不,就,行
 ,動,支付,無腦,刷,3,％,?,其他,行動,支付卡,爆,了,，,可以,換這張,?,有,試過
 ,的,回報,嗎,？
 ,樓上, ,他,有,前提,條件, ,"""",在,MOMO,網,"""",以,AP,/,GP,/,SP, ,交易,視同店,內,交易
 ,前提,沒,看到, ,差,很多
 ,廢到,笑,XDDD
 ,感謝,G,大,，,我,還真,沒,注意,到
