Title,ID,Comment
yorkhung (CouponMaster),puppy20308,: 好的我會打電話去問問可不可以合併結帳，我訂的是
yorkhung (CouponMaster),puppy20308,: 日月千禧跟裡面的牛排館，不知道有沒有版友曾經入
yorkhung (CouponMaster),puppy20308,: 住過
yorkhung (CouponMaster),ross4927,: 日月千禧自助餐廳會問是否入房帳，別的餐廳不清楚
yorkhung (CouponMaster),ross4927,: 了
yorkhung (CouponMaster),t21,: 一般四星和五星級飯店都可以入房帳。台灣飯店，住宿
yorkhung (CouponMaster),t21,: 房客吃飯通常會有折扣
yorkhung (CouponMaster),t21,: 台中日月千禧這種高檔的飯店沒有意外是可以入房帳的
yorkhung (CouponMaster),t21,: 。退房再一起結帳就好了
yorkhung (CouponMaster),yuta02,: 義大皇家房客打8折 ：）
yorkhung (CouponMaster),nikitony2001,: 長知識惹
puppy20308 (puppy),tomsawyer,: 依卡機而定
puppy20308 (puppy),HenryLin123,: 下一個百貨公司的美食街
puppy20308 (puppy),HenryLin123,: 看發票開哪家就那種喇
puppy20308 (puppy),tomsawyer,: 百貨跟餐廳是同一類 沒這問題吧
puppy20308 (puppy),willieliu,: 看卡機的code
puppy20308 (puppy),puppy20308,: 所以要打電話去飯店問他們餐廳的code嗎
puppy20308 (puppy),Kazamatsuri,: 可以先問 不過通常大部分店員不懂這個玩意 所以還是
puppy20308 (puppy),Kazamatsuri,: 得賭 科科
puppy20308 (puppy),willieliu,: 可以問啊 前提是店員要聽得懂這是什麼XD
puppy20308 (puppy),tomsawyer,: 中小飯店感覺可以賭去旅行 大型飯店餐廳覺得要餐廳
puppy20308 (puppy),hhi0531,: 這種通常只能肉身測試
puppy20308 (puppy),BabyWolf,: 彰銀的line通知會有MCC code可以用來小額測試
puppy20308 (puppy),Kazamatsuri,: 前提要有彰銀卡啊 XD
puppy20308 (puppy),BabyWolf,: 如果餐廳願意 你就拆一筆小的用彰銀刷再決定
puppy20308 (puppy),BabyWolf,: 彰銀是分類刷最佳測試良伴 而且my樂自己刷餐廳回饋
puppy20308 (puppy),BabyWolf,: 也不錯 來卡版就是都辦啦~
puppy20308 (puppy),stu86142002,: 賭輸就差了10倍回饋
puppy20308 (puppy),catuncle1,: 像這種在百貨中的，商場中的餐廳，你問銀行他也不會
puppy20308 (puppy),catuncle1,: 知道，所以除非是那種獨立餐廳的，不然最好有心理
puppy20308 (puppy),catuncle1,: 準備
puppy20308 (puppy),howardtw,: 掛房帳跟房帳一起結。
puppy20308 (puppy),vlkppa,: 問就是掛房帳
puppy20308 (puppy),hidecxa,: 沒別張卡嗎
puppy20308 (puppy),Dwccc,: 只能問飯店
puppy20308 (puppy),sislsy,: 2月吃喜來登12廚切趣旅行有3%
puppy20308 (puppy),ghytrfvbnmju,: 上次才打電話問客服這個問題
puppy20308 (puppy),ghytrfvbnmju,: 客服說只能刷卡前先問店家，或是先請店家幫你刷1元
puppy20308 (puppy),ghytrfvbnmju,: ，然後打電話給客服問剛剛那筆的登記類別......
puppy20308 (puppy),ghytrfvbnmju,: 上次刷餐酒館結果店家是登記酒吧，所以沒領到3%QQ
puppy20308 (puppy),iueeng,: 多數可住宿星級飯店裡面餐廳都不算餐廳 沒有cube之
puppy20308 (puppy),iueeng,: 前不少銀行的信用卡針對餐廳類別有些餐廳加碼已經
puppy20308 (puppy),iueeng,: 排除飯店了通常寫在注意事項 ，而連鎖百貨美食街（
puppy20308 (puppy),iueeng,": sogo/三越） 通常綁在百貨算百貨,  遠百或是一些獨"
puppy20308 (puppy),iueeng,: 立百貨 美食街有時並不是百貨 如中友 美食街 請款
puppy20308 (puppy),iueeng,: 連中友字眼都看不到，而遠百 有些又外包給“大食代
puppy20308 (puppy),iueeng,: ”請款有時也沒遠百字眼
puppy20308 (puppy),even2300471,: 一般我是用發票上飯店名字還是餐廳/百貨名字來判斷
puppy20308 (puppy),andy0055,: 掛房卡帳，然後退房後，在飯店櫃檯結清。
puppy20308 (puppy),andy0055,: 前提你是房客
puppy20308 (puppy),Kazamatsuri,: 他有「入住飯店」啦～ XD
puppy20308 (puppy),gnr1213,: 看收單機構的設定，只能事後知道。
puppy20308 (puppy),jimhall,: 彰銀那招好神
puppy20308 (puppy),passenger10,: 一直沒機會用my樂感覺可以拿來用了
puppy20308 (puppy),cylu7878,: 之前是用永豐大戶肉測屏東H會館 餐廳發票說是開H會
puppy20308 (puppy),cylu7878,: 館 結果出來是被認列餐廳 只拿2%基本回饋
puppy20308 (puppy),operatorm,": 福容餐廳可用台灣pay掃碼,sny10%＋2%有貨"
puppy20308 (puppy),carava,: 之前吃了達渥斯磨坊跟菊乃井？鰻魚飯發票都是飯店，
puppy20308 (puppy),carava,: 所以我都是切趣旅行有拿到3%
puppy20308 (puppy),young168,: 確實前提是要你是房客
puppy20308 (puppy),SteveZen,: 如果可以掛房帳 是最方便的
Xaceman (台北喰種),a6214666,: 去年刷歐洲3% 退稅沒負向回饋
Xaceman (台北喰種),Xaceman,: 那綺不是退稅神卡來的
Xaceman (台北喰種),nickliucool,: ……那你幹嘛不用沒有回饋的VISA金融卡退？
Xaceman (台北喰種),Kazamatsuri,: 人家想抵（之後的）刷卡吧 XD
Xaceman (台北喰種),Xaceman,: 沒錯 在下有大額分期消費 加上 萬事達的匯率較優，
Xaceman (台北喰種),Xaceman,: 很棒的消息
Xaceman (台北喰種),willieliu,: 之前有一篇跟你這個類似 不過他是選到回饋少的刷回
Xaceman (台北喰種),willieliu,: 饋多的退 結果被扣比原本刷卡還多小樹點XD
Xaceman (台北喰種),Go2,: 我都用花旗mc金融卡退 嗚嗚嗚快沒了
Xaceman (台北喰種),andy0701,: 退稅用師父卡已經不流行了嗎
Xaceman (台北喰種),Kazamatsuri,: 不是每個人都有海鮮卡啦 XD
Xaceman (台北喰種),BabyWolf,: 金融卡退拿到錢還是可以繳卡費啊
Xaceman (台北喰種),BabyWolf,: 富邦悍將mastercard debit似乎找不到任何回饋 可試
Xaceman (台北喰種),BabyWolf,:                                   活動以外回饋
Xaceman (台北喰種),ntsh010280,: 小心被扣回3%小樹點 嘻嘻
Xaceman (台北喰種),shaoten7,: 那個是國際組織的規矩 可以搜狗visa跟master就知道
Xaceman (台北喰種),mountain513,: 海鮮卡是哪張？
Xaceman (台北喰種),Kazamatsuri,: 海鮮=seafood=樓上說的師父啊 XD
Xaceman (台北喰種),Xaceman,: 應該不會扣到3% 我今年才辦卡呢。
Xaceman (台北喰種),lifelikerape,: 元大海鮮卡   海外退稅退稅神卡      聽起來有趣
Xaceman (台北喰種),willieliu,: 樓上各位業力引爆哦XD
Xaceman (台北喰種),pr9558,: 退稅神卡是花旗debit好嗎XD可惜要變成歷史了
Xaceman (台北喰種),nickliucool,: 退回帳戶拿現金繳卡費不是更好？！
Xaceman (台北喰種),BabyWolf,: 帳戶比較好 不過考量退手續費和據說匯率有差 大家偏
Xaceman (台北喰種),BabyWolf,: 好mastercard而非visa 然後debit卡大多是visa 所以
Xaceman (台北喰種),BabyWolf,: 花旗(非財管戶)和富邦的零回饋MC deibit才會稱神卡
Xaceman (台北喰種),Kazamatsuri,: 有些帳戶有外幣 debit卡應該就直接退外幣吧？
Xaceman (台北喰種),BabyWolf,: 這就不知了 疫情前debit卡連結外幣帳戶是蠻稀有的
Xaceman (台北喰種),BabyWolf,: 大部分都還是扣台幣退台幣
Xaceman (台北喰種),willieliu,: 不過星展有公告合併後也會推出MC debit
Xaceman (台北喰種),willieliu,: 不確定484零回饋就是了
Xaceman (台北喰種),BabyWolf,: 我記得去年花旗有個連結外幣帳戶給回饋的活動 這樣
Xaceman (台北喰種),BabyWolf,: 就沒匯損可以之後刷 不過就可能要扣回饋了
Xaceman (台北喰種),a3556959,: 還行吧
Xaceman (台北喰種),sandny,: https://i.imgur.com/8fdJbOQ.jpg  前幾天退的算一
Xaceman (台北喰種),sandny,: 般消費
cannymilly (milly將),kkkk1234,: 系統&客服的問題吧 外送限制只有這個
cannymilly (milly將),kkkk1234,: https://i.imgur.com/dUtWj90.png
cannymilly (milly將),Sizu7064,: 每次看到心好累就想笑，到底是人在累？還是心在累？
cannymilly (milly將),Kazamatsuri,: 看了很久 我覺得是外送平台的鍋 她們很常搞不同方案
cannymilly (milly將),Kazamatsuri,: 或請款模式/名稱 還有行動支付不是行動支付 科科
cannymilly (milly將),tomsawyer,: sny: LP請款名稱沒有連加就不是LP喔：）
cannymilly (milly將),Dwccc,: 無腦真不錯
cannymilly (milly將),kmic,: 我也想知道餐廳要怎麼判定，以前刷過都是一般消費，
cannymilly (milly將),kmic,: 後來吃的都刷別張卡
cannymilly (milly將),ColaLing,: cube
cannymilly (milly將),righer,: 外送我都永豐大戶 簡單暴力
cannymilly (milly將),cylu7878,: 可惜永豐小戶6000封頂 常幫同事訂外送還要控制上限
kashima228 (承),s999132,: ＼神卡／＼月刷百萬／＼神卡／
kashima228 (承),catuncle1,: 那就代表這張卡不適合你，放手吧
kashima228 (承),BlueBird5566,: 他明明在幫cube說話 2樓有認真看文嗎 護航護習慣了?
kashima228 (承),BlueBird5566,: 不過還要記得當天刷了哪些再決定切到哪個權益 再快
kashima228 (承),BlueBird5566,: 也要一分鐘吧 還是依消費習慣辦合適的無腦卡就好
kashima228 (承),BlueBird5566,: 切換卡片比較方便  不用浪費時間
kashima228 (承),BlueBird5566,: 跟這篇原po一樣 有n張主力卡 這張就拿來當補洞卡
kashima228 (承),kkkk1234,: 明明就是商店回報的消費日跨日 不是請款日跨日= =
kashima228 (承),kei1823,: 比較常消費的地方可以利用儲值，像我就麥當勞跟寶
kashima228 (承),kei1823,: 雅之類的就儲值一些，這樣就不用特地切來切去
kashima228 (承),Dwccc,: 到底要幾篇…
kashima228 (承),youjizz,: 就一張業配過譽的卡，現在業力引爆剛好而已
kashima228 (承),realbout,: 手腦並用的卡~
kashima228 (承),blence,": 不知道接受/嫌棄cube卡消費要切換的人,是不是也習慣"
kashima228 (承),blence,: 切換/不關信用卡國外交易功能
kashima228 (承),b020candy,: 好市多一役戰敗後，公司說要好好護航僅存戰果，所以
kashima228 (承),b020candy,: 開始蝦虎有多棒，給腦波弱消費者
kashima228 (承),Infinite,: 就拿來刷全聯加減配啊 其他卡又沒優惠
kashima228 (承),away1225,: 要切換真的是有點不習慣
kashima228 (承),feisky,: 幾歲了還在非A則B，都看得出來多數人在補充用法
kashima228 (承),feisky,: 分享用法就被歸類成護航，別這樣澆熄人家的熱誠
kashima228 (承),k17703100,: 怕出錯就少切換
kashima228 (承),k17703100,: 用久就知道哪些通路有回饋了 自助油價+回饋7%不香嗎
kashima228 (承),fckavn,: 我也都是分散刷，只有回饋特別多的會用cube，基本上
kashima228 (承),fckavn,: 大型活動加碼臉書的非官方社團都會有推播
kashima228 (承),Dwccc,: 分享的用法就很爛 其他卡能取代 而且一直說啥無腦
kashima228 (承),Dwccc,: 刷 騙人
kashima228 (承),jimhall,: 每天2300設定鬧鐘，提醒自己計算哪種消費高，就切換
kashima228 (承),jimhall,: 哪類，可寫程式自動記帳計算
deltaz (我還懂不懂飛翔),BlueBird5566,: 趣旅行用大戶卡還比較爽
deltaz (我還懂不懂飛翔),Walu,: 本來是全聯專武，但以後會被GOGO幹掉
deltaz (我還懂不懂飛翔),Walu,: 大戶的6000元額度已經拿去給全聯用了，是全聯真專武
deltaz (我還懂不懂飛翔),Walu,: Cube就變成旅遊專用卡，而且現在飯店住宿這麼貴，幾
deltaz (我還懂不懂飛翔),Walu,: 乎都超過6000
deltaz (我還懂不懂飛翔),pikachulai,: 這張拿來刷百貨商店街餐廳好用，不用考慮是百貨還是
deltaz (我還懂不懂飛翔),pikachulai,: 餐廳，不用肉測刷卡機是不是百貨的
deltaz (我還懂不懂飛翔),feisky,: 好奇來卡版的，只會有一張卡嗎? 不都是多卡切換 XD
deltaz (我還懂不懂飛翔),Walu,: 謝謝，可列入百貨餐廳無腦專武
deltaz (我還懂不懂飛翔),feisky,: 我是統一企業就用CUBE、網購LP就黑狗、實體就J卡
deltaz (我還懂不懂飛翔),feisky,: 備用就玉山熊跟富邦數位，現在哪一張都無法通吃啊
deltaz (我還懂不懂飛翔),sinclaireche,: 只用統一企業跟活動加碼 其他有更好的
deltaz (我還懂不懂飛翔),Walu,: 如果百貨餐廳沒有linepay 或街口時可用
deltaz (我還懂不懂飛翔),pikachulai,: 上次在大江的餐廳刷，原本用SPORT卡結果刷卡機感應
deltaz (我還懂不懂飛翔),flypenguin,: 就有人會很天真的想用一張卡打全部啊 XD
deltaz (我還懂不懂飛翔),pikachulai,: 故障不給刷，後來要拿三井卡要刷餐廳，還好有想到
deltaz (我還懂不懂飛翔),flypenguin,: 無上限拿來補洞很好用，拿他當主力根本在整自己。
deltaz (我還懂不懂飛翔),pikachulai,: 刷卡機好像是算大江的，還好有想到改換CUBE，後來
deltaz (我還懂不懂飛翔),pikachulai,: 拿到簽單確定是大江的，差點被陰到
deltaz (我還懂不懂飛翔),fishjoe56,: 我都常駐集精選刷超商跟全聯好用，出國在切換
deltaz (我還懂不懂飛翔),catuncle1,: 出國用永豐幣倍卡也一樣，加碼4%最高7500元，訂個飯
deltaz (我還懂不懂飛翔),catuncle1,: 店就爆了，剩下只有2%，那還不如用其他卡
deltaz (我還懂不懂飛翔),pikachulai,: CUBE就是專武卡刷爆的備胎卡，總是會有臨時要刷大額
deltaz (我還懂不懂飛翔),pikachulai,: 的需求
deltaz (我還懂不懂飛翔),freeawei,: 不好用(X) 不會用(O)
deltaz (我還懂不懂飛翔),pikachulai,: 而且登入APP還有加碼券可以領，建議常常登入看看
deltaz (我還懂不懂飛翔),thindust,: 很多卡有上限就不心累嗎 規則抓好cube好用的
deltaz (我還懂不懂飛翔),leptoneta,: 他們就刷不了那麼多 當然覺得不好用
deltaz (我還懂不懂飛翔),balatea,: 無上限刷超過百萬其實挺有感的
deltaz (我還懂不懂飛翔),BlueBird5566,: 好了 上班時間到了 趕快回去上班 不要再攻擊批評的
deltaz (我還懂不懂飛翔),BlueBird5566,: 客戶了  連客戶刷不了那麼多這種話都說得出口
deltaz (我還懂不懂飛翔),youjizz,: 去大江吃飯當然用大江卡滿1000回饋120
deltaz (我還懂不懂飛翔),Dwccc,: 刷1%無上限 也用不到這張卡好嗎…
deltaz (我還懂不懂飛翔),Dwccc,: 無上限卡多的是
deltaz (我還懂不懂飛翔),ppc,: 大江回饋的120電子券一堆限制ㄟ
deltaz (我還懂不懂飛翔),cckhyofg,: 3%無上限超爽 最近出國刷超過10萬哪張卡比CUBE強?
deltaz (我還懂不懂飛翔),dhundhun,: 好奇同證號有兩張cube能成功各自切不同權益嗎
deltaz (我還懂不懂飛翔),sinclaireche,: 不行 權益歸戶
deltaz (我還懂不懂飛翔),yixianl,: 要每個客戶每個月刷百萬…
deltaz (我還懂不懂飛翔),s999132,: ＼神卡／＼神卡／＼神卡／
deltaz (我還懂不懂飛翔),freekadze,: 旅遊業辦這張超爽的 幫人訂房還無上限
deltaz (我還懂不懂飛翔),yin198866,: 真的 不會用的人才會覺得難用跟麻煩
deltaz (我還懂不懂飛翔),fmp1234,: CUBE卡就是一枚活棋。
deltaz (我還懂不懂飛翔),catuncle1,: 不是每張卡都適合每個人，如果覺得切來切去心很累，
deltaz (我還懂不懂飛翔),catuncle1,: 那就是這張卡不適合你，放手吧
deltaz (我還懂不懂飛翔),yuta02,: 好麻煩的卡：）
deltaz (我還懂不懂飛翔),GimO,: 旅館專武
deltaz (我還懂不懂飛翔),et1141842001,: 有中油6% Klook7% 大樹買奶粉尿布還有8%
deltaz (我還懂不懂飛翔),et1141842001,: 前幾天搶到陳奕迅 拓元售票還有7% 雖然有上限 但如
deltaz (我還懂不懂飛翔),et1141842001,: 果累積起來消費也是超香
deltaz (我還懂不懂飛翔),winess,: 爛卡  不值得用
deltaz (我還懂不懂飛翔),winess,: 匯豐3.2%好用很多 無通路限制
deltaz (我還懂不懂飛翔),pikachulai,: 大江卡的券超鳥，除了要隔月用，餐飲跟大櫃也不能用
deltaz (我還懂不懂飛翔),pikachulai,: 平常只會跟同事去聚餐跟看電影完全用不到
deltaz (我還懂不懂飛翔),pikachulai,: 大江卡剩臨時看電影沒拿到團體票現場買有9折
deltaz (我還懂不懂飛翔),joanpassion,: 這張主要就是無上限吸引人，權益不會太常切換，要硬
deltaz (我還懂不懂飛翔),joanpassion,: 在那邊記也真的心累
deltaz (我還懂不懂飛翔),joanpassion,: 最近剛好刷機票、飯店，還有快速通關票很好用啊
deltaz (我還懂不懂飛翔),Vessel,: 這張趣旅行 是我大戶和聯邦M之後的選擇 光靠大戶一
deltaz (我還懂不懂飛翔),Vessel,: 下就爆了
deltaz (我還懂不懂飛翔),Vessel,: 小心再捧此卡的在座各位一律都是國泰員工喔 噗
deltaz (我還懂不懂飛翔),owenxeve,: 出國刷卡是國外消費，flygo也是3%無上限
deltaz (我還懂不懂飛翔),youjizz,: 大江的券確實要看消費習慣，我喜歡的櫃可以配合抵掉
deltaz (我還懂不懂飛翔),youjizz,: 活動本意就是帶動小櫃業績
deltaz (我還懂不懂飛翔),youjizz,: 所以只要是連鎖餐廳大江有的我就選大江
deltaz (我還懂不懂飛翔),jfhw123,: 這張每日切權益真的有時候會忘 但辦了一張給長輩 專
deltaz (我還懂不懂飛翔),jfhw123,: 門給他們刷百貨公司其實還是蠻合的
deltaz (我還懂不懂飛翔),sbtiagr,: 我都刷icash icp 不然就集精選 偶爾刷刷Klook再切
deltaz (我還懂不懂飛翔),sbtiagr,: 換
deltaz (我還懂不懂飛翔),david255166,: 的確CUBE卡出國玩還不錯，去日韓算是高回饋的一張
deltaz (我還懂不懂飛翔),Merlini,: 才發現Cube轉帳免手續也被砍….
deltaz (我還懂不懂飛翔),foreverwings,: 目前小戶想無腦 就平日吉鶴2%
deltaz (我還懂不懂飛翔),foreverwings,: 假日giving3%
deltaz (我還懂不懂飛翔),duoduolu,: 借問這張刷百貨分期還有回饋嗎？
deltaz (我還懂不懂飛翔),d055086,: 可是全聯不能升級全支付對吧
deltaz (我還懂不懂飛翔),d055086,: 用全支付就沒3趴了
deltaz (我還懂不懂飛翔),qwe80321,: 習慣規則這張還行啦，趣旅行日韓3%無上限算不錯的了
deltaz (我還懂不懂飛翔),kissed,: 機票
deltaz (我還懂不懂飛翔),wklxbiwee,: 無上限3% 真的很爽
deltaz (我還懂不懂飛翔),wklxbiwee,: 大戶 6000爆了 該改叫小資吧 什麼大戶..
deltaz (我還懂不懂飛翔),b70103,: 只當全聯+外送卡
deltaz (我還懂不懂飛翔),etoposide,: 其實集精選那麼通用也不用一直切換  如果有切換的
deltaz (我還懂不懂飛翔),etoposide,: 話自己再多預留幾天入帳時間再切回來即可
deltaz (我還懂不懂飛翔),yixianl,: 全聯用foodpanda或JCB 10%
deltaz (我還懂不懂飛翔),yixianl,: 輪不到這張卡
deltaz (我還懂不懂飛翔),milkxhake,: 適合聰明人的一張卡
wsa28 (wsa28),youjizz,: 還是用吉鶴簡單點
wsa28 (wsa28),BlueBird5566,: 待會有人要來攻擊你了
wsa28 (wsa28),Walu,: 如果只是拿來當作第二或第三選項的卡片，其實都是很
wsa28 (wsa28),Walu,: 簡單，我只拿來加油和住宿，切換模式就只有二個。
wsa28 (wsa28),Walu,: 其他很多卡個別，甚至基本功能都好過這張，或差異不
wsa28 (wsa28),Walu,: 大
wsa28 (wsa28),passenger10,: 等等會被說不會用就乖乖無腦卡XD （個人也不推）
wsa28 (wsa28),passenger10,: 只刷趣旅行根精選 沒煩惱
wsa28 (wsa28),snowmag,: 家人各辦一張就沒煩惱了，燒腦也是一種門檻
wsa28 (wsa28),bbcer,": 一天只能切一次很不方便,能開放一天切三次就變神卡"
wsa28 (wsa28),NORTHERN0518,: 你這張選單一種使用就好，其他卡拿來搭配，這張本
wsa28 (wsa28),NORTHERN0518,: 來就跟他卡配著用。
wsa28 (wsa28),danial,: 推最後一句
wsa28 (wsa28),hmhhc,: 都只用集精選，輕鬆
wsa28 (wsa28),CIIIO,: 我拿來中油直營7% 不切了
wsa28 (wsa28),pttccbbs,: 我覺得切來切去，浪費時間，所以乾脆不辦了
wsa28 (wsa28),lxf,: 事實就是賭你忘記切換
wsa28 (wsa28),pttccbbs,: 這張卡規矩很多，分類好幾類，為了幾塊錢，切來切
wsa28 (wsa28),pttccbbs,: 去，研究半天，把注意力放在這裡，真的很不划算
wsa28 (wsa28),badname,: 這張燒腦外還要記得換權益，如果不確定商店是認證什
wsa28 (wsa28),badname,: 麼最好使用別張卡
wsa28 (wsa28),TCdogmeat,: 等等會有人說懂得就是神卡 阿我就不想懂
wsa28 (wsa28),duck329,: 少刷卡的人這張才是神卡，像我一週最多刷1-2筆
wsa28 (wsa28),duck329,: 不想為了各種不同的通路辦很多張卡，cube就很方便
wsa28 (wsa28),willieliu,: 聯邦我大哥 夕鶴卡無腦外還直接幫你折帳單
wsa28 (wsa28),duck329,: 各種通路都有(雖然不是回饋最多)
wsa28 (wsa28),duck329,: 網購(玩數位)、加油(集精選)、icash pay，偶而來回
wsa28 (wsa28),benny614017,: 借問CUBE分期的話還有回饋嗎？
wsa28 (wsa28),yoshilin,: 小孩子才做選擇
wsa28 (wsa28),realbout,: 還要記得打電話給客服補點...簡直手腳頭腦並用了~
wsa28 (wsa28),cckhyofg,: 3%無上限好用啊 最近買相機十幾萬回饋超多 而且電商
wsa28 (wsa28),cckhyofg,: 加碼登入名額又大方
wsa28 (wsa28),BlueBird5566,: 對少刷卡的人來說這也不是神卡 像加個油還要找中油
wsa28 (wsa28),BlueBird5566,": ""直營店"" 否則只有0.3%   還要花時間找直營"
wsa28 (wsa28),BlueBird5566,: 不過中油加盟店有折價 一公升折1~1.5元
wsa28 (wsa28),BlueBird5566,: 還是找張在各加油店都有回饋的比較實際
wsa28 (wsa28),jarsar,: 加油我用遠銀樂家比較泛用
wsa28 (wsa28),BlueBird5566,: 出遊的話 加油 / 國內餐廳 / 國內住宿 都在不同權益
wsa28 (wsa28),BlueBird5566,: 除非都不出門 然後生活只在公司-住家 而且途中都是
wsa28 (wsa28),BlueBird5566,: 中油直營店或者只搭大眾運輸  這樣這張才會是神卡XD
wsa28 (wsa28),BlueBird5566,: 否則還是去辦專門的高回饋卡比較實際
wsa28 (wsa28),jingchan0618,: 這張卡我是平時for小七，其他都隨緣
wsa28 (wsa28),BlueBird5566,: cube還要開app切換權益  我直接切換卡片就好XD
wsa28 (wsa28),D600dust,: 你不會辦兩張就好了
wsa28 (wsa28),wanubz9v,: 不就切換當天只刷有回饋的消費 有這麽困難嗎
wsa28 (wsa28),leptoneta,: 1天就1種優惠 很難懂嗎
wsa28 (wsa28),zxcyi,: 網購刷前選了趣旅行，回饋只有0.3%，後來發現app內
wsa28 (wsa28),zxcyi,: 有個很細小的說明欄位，海外僅限泰國新加坡等國，
wsa28 (wsa28),zxcyi,: 打去客服爭取無效後，果斷剪卡，太累人了。
wsa28 (wsa28),misshand,: 中油直營還好啦，通勤路線固定，路上哪裡有直營都清
wsa28 (wsa28),misshand,: 楚，路過用一下算方便
wsa28 (wsa28),Vessel,: 還是那句話 不好用其實也沒人強迫你用 剪卡心情也會
wsa28 (wsa28),Vessel,: 比較舒服 至少登錄也可以恢復以前好搶的情況
wsa28 (wsa28),Vessel,: 至於好不好用 神不神卡 不如問問自己，依個人的消費
wsa28 (wsa28),Vessel,: 習慣和如何用自己去衡量 不然怎麼會有大家口中的無
wsa28 (wsa28),Vessel,: 腦神卡出現 什麼卡都有他的定位
wsa28 (wsa28),firesec1,: 這張我固定在集精選，拿來加油 & 全聯使用而已。
wsa28 (wsa28),firesec1,: 其他用吉鶴，現在在想網購換哪張更好
wsa28 (wsa28),firesec1,: 應該講更方便就好，不一定要最高回饋，但方便最好
wsa28 (wsa28),sidochic,: 切換權益是歸戶吧，就算有兩張卡也是同一權益啊
wsa28 (wsa28),bettybuy,: 好複雜，還是狗卡3.8無腦用好了
wsa28 (wsa28),BlueBird5566,: 看吧 接近12點就會有人來攻擊說難用的人 XD
wsa28 (wsa28),BlueBird5566,: 神秘時段 1200跟1700左右
wsa28 (wsa28),repast,: 辦卡來被卡玩 笑笑
wsa28 (wsa28),repast,: 中油直接永豐sports卡gp或ap感應付款8%
wsa28 (wsa28),chungyiju,: 這張真的很累
wsa28 (wsa28),tomsawyer,: 還sports 有些人連手指動動切權益都懶了 還運動
wsa28 (wsa28),tomsawyer,: 笑死人
wsa28 (wsa28),tonyian,: 國泰開放一人可以辦此卡五張不就好了，煩
wsa28 (wsa28),fishjoe56,: 平常常駐集精選就蠻好用的啦，除非有長途出國再說
wsa28 (wsa28),leo01218,: 高回饋無上限cube還可以啦，弄懂規則還算好用
wsa28 (wsa28),tue678,: 覺得不好用就剪卡阿 真的不需要眷戀吧
wsa28 (wsa28),tue678,: 信用卡很多阿
wsa28 (wsa28),waakye,": 你就算有5張cube,同時只能1種方案"
wsa28 (wsa28),s999132,: 現在連難用都不能講了 只能默默剪卡
wsa28 (wsa28),freekadze,: 說實話他規則就那樣講明白了 不爽不要用就好了
wsa28 (wsa28),yixianl,: 國泰這規則根本就是在搞用戶
wsa28 (wsa28),freekadze,: 都知道要切換覺得麻煩就不要申請阿
wsa28 (wsa28),s999132,: 沒申請啊 他自己強制寄來的
wsa28 (wsa28),s999132,: 接下來要怪客戶不提早打電話拒絕換卡嗎
wsa28 (wsa28),nakts0123,: 就難用
wsa28 (wsa28),nakts0123,: 搞用戶還搞自己公司客服
wsa28 (wsa28),speedythief,": 都留在集精選當相關通路的專用卡就好,會來卡版的卡"
wsa28 (wsa28),speedythief,: 一定一堆阿
wsa28 (wsa28),winess,: 爛  難用
wsa28 (wsa28),renejyo,: 這家人一起辦 一任選一種權益 給各位參考
wsa28 (wsa28),renejyo,: 找
wsa28 (wsa28),Vessel,: 看到還在那邊扯員工的 笑死 這卡真的很爛 大家趕快
wsa28 (wsa28),Vessel,: 剪一剪 不然這個月害我第一次登錄不到OPEN錢包欸
wsa28 (wsa28),Vessel,: 信用卡那麼多 別拘泥在國泰這家身上
wsa28 (wsa28),as361592,: 刷較高額度再切就好，比較輕鬆
wsa28 (wsa28),nyyatl,: 不請自來的卡，一收到就剪囉爽
wsa28 (wsa28),TsBC,": 機車加油神卡,ApplePay加50,3%+3%+1%回饋2+2+1=10%"
wsa28 (wsa28),dynamo,: 日子要過輕鬆就是隨便刷，有回饋就好
wsa28 (wsa28),dynamo,: 一個月刷5萬，回饋差1％也才500而已
wsa28 (wsa28),david255166,: 一開始也覺得規則麻煩，後來習慣後用起來就算順
wsa28 (wsa28),david255166,: 回饋跟其他張卡比起來也算高的
wsa28 (wsa28),qwe80321,: 規則搞懂還可以吧?集精選當全聯全家高回饋專武就好
wsa28 (wsa28),sbtiagr,: 切方案真的真的不是給一般人玩的 為了3%回饋太過複
wsa28 (wsa28),sbtiagr,: 雜
wsa28 (wsa28),sbtiagr,: 但是連活動都變得必須搶 卡友真的比以前多/積極 大
wsa28 (wsa28),sbtiagr,: 家真的要少刷才能催國泰加碼
wsa28 (wsa28),jimhall,: 記得辦cube卡 不要選combo卡 不然很難辦多張附卡用
wsa28 (wsa28),jimhall,: 免切換神招
wsa28 (wsa28),neukopf701,: 對啊，又不是整體閑閑沒事幹
wsa28 (wsa28),ishtar100,: 其實都是不會用 不是不好用
wsa28 (wsa28),jimhall,: 加油卡有分無腦加 跟燒腦的 cube好像不是所有加油站
wsa28 (wsa28),jimhall,: 都有回饋
wsa28 (wsa28),auction88,: 講真的 無腦就J卡 cube超香 而且還有額外回饋
wsa28 (wsa28),auction88,: 刷大樹藥局回饋8% 搭買紅利刷奶粉根本神卡
wsa28 (wsa28),auction88,: 基本上我都卡在集精選。 樂饗購趣旅行直接J卡就好了
wsa28 (wsa28),auction88,: 又沒差很多 也才0.8%也不是每天逛百貨明天去旅行
wsa28 (wsa28),md10116877,: 切了之後也沒看到回饋很無言 後來就直接冷凍了
imperza (我難過),Kazamatsuri,: 就說了是看當天23:59:59前最後切換的權益來算當天的
imperza (我難過),scent15,: .....
imperza (我難過),Kazamatsuri,: 消費回饋 連沒卡的我都會背了 科科
imperza (我難過),BlueBird5566,: 不然你以為大家怎麼會說這張很難用XD  若是你想的那
imperza (我難過),BlueBird5566,: 樣 就真的是神卡了
imperza (我難過),imperza,: 超哭的，我自己為很神 當天轉換 狂消費…
imperza (我難過),BlueBird5566,: 對 這張難用的點 就是一天之內很多消費的話 也只能
imperza (我難過),BlueBird5566,: 選一個權益    第二個點是請款日延後問題
imperza (我難過),imperza,: 我只能說 客服真的很有耐心聽我盧洨…
imperza (我難過),BlueBird5566,: 還是要有別的主力卡  這張只能當陪襯的綠葉卡
imperza (我難過),Kazamatsuri,: 不是請款日延後 而是時區問題吧？
imperza (我難過),BlueBird5566,: 常旅行的話去研究一下永豐的大戶卡
imperza (我難過),BlueBird5566,: #1ZmuDtR_ (creditcard)  好像也有晚請款問題?
imperza (我難過),steven60116,: 這張真的超難用，誰還要跟你切換權益，當然是分卡刷
imperza (我難過),b020candy,: 這家規矩毛很多，讓人吃不到。廣告倒是超用力
imperza (我難過),peter700,: 神邏輯
imperza (我難過),imperza,: 就想說一天有一次轉換，反正我只要當下刷卡有配對就
imperza (我難過),imperza,: 好，沒想到是以當日最後一次為基準回推
imperza (我難過),waakye,: 當天！當天！當天！！！
imperza (我難過),flypenguin,: 這張當備用卡就好了，當主力卡刷的綁手綁腳。
imperza (我難過),BlueBird5566,: 這張我後來都不切了 用來補足其他卡沒有的通路就好
imperza (我難過),Dwccc,: 不要再用 選我正解
imperza (我難過),BlueBird5566,: 說實在的3%也沒很多 切錯了還會變0.3% XDD
imperza (我難過),blackZ2,: 原來是當日最後 不過我都沒有刷這張
imperza (我難過),Dwccc,: 明知山有虎偏向虎山行
imperza (我難過),operatorm,: 就只有icash繳費2千
imperza (我難過),winess,: 就很爛的卡啊
imperza (我難過),itsok741223,": 這張卡其實是給哩程派的, 3%不如用其它."
imperza (我難過),BlueBird5566,: 等等五點半員工就來攻擊說這張爛的人惹
imperza (我難過),x123392003,: 這張就陷阱卡，不然你以為國泰幹嘛拼命推這張
imperza (我難過),ninexas,: 寫那麼清楚怎麼自以為的  ==
imperza (我難過),hwusuenn,: 玩信用卡本來就要自己搞清楚規則啊
imperza (我難過),Dwccc,: 放集精選 儲值個全聯就好了
imperza (我難過),Dwccc,: 我也用icash繳費
imperza (我難過),adesinger,: 一堆人真好笑 自己不看清楚規則 再來怪人家有陷阱
imperza (我難過),yin198866,: 辦卡跟用卡前不先搞懂規則？
imperza (我難過),pagolin,: 講很多次，cube不是無腦卡
imperza (我難過),sidochic,: 來分享一個陷阱，麗寶OUTLET 跟 麗寶樂園是分屬
imperza (我難過),steven60116,: 不是陷阱，是本來就很難用，可笑的一張卡
imperza (我難過),sidochic,: 不同權益喔，上次同一天就中招了。
imperza (我難過),Dimitre,: 旅遊消費找互補的吧 尤其出國類消費用這張很爛 你一
imperza (我難過),Dimitre,: 堆飯店錢都要等請款
imperza (我難過),panjiongkai,: 這張真的很難用
imperza (我難過),operatorm,": 全聯有台新1卡通10%辦來買,真夠爽,儲啥"
imperza (我難過),overxxx,": 這張只用集精選,其他當沒有"
imperza (我難過),cylu7878,: 國內旅遊也很不好用 因為國內餐廳跟飯店不同權益
imperza (我難過),hyouun,: 人家是請款日跨日還有得爭，你這個無法同情
imperza (我難過),BlueBird5566,: 加油停車 / 國內餐廳 / 國內飯店 都不同權益
imperza (我難過),DFIGHT,: 哇靠 我不知道耶 感謝試錯
imperza (我難過),madusa,: 只拿來當加油卡而已
imperza (我難過),catuncle1,: 這張卡都已經出了這麼久了，就跟你說它是需要切換的
imperza (我難過),catuncle1,: 你要刷卡時就要多思考一下，如果不喜歡這種方式，就
imperza (我難過),catuncle1,: 換別張卡刷，又想賺高回饋又嫌東嫌西的，那就別用
imperza (我難過),cokelon,: 他也不能像花旗超紅每個權益都辦
imperza (我難過),windsson,: 就是很智障要一直轉我才不辦這張
imperza (我難過),HOLAHOJIAN,: 是很麻煩，的確看當天，另外還有時差問題，我30號半
imperza (我難過),HOLAHOJIAN,: 夜2點刷trip.com當天切換趣旅行，但是消費沒回饋到
imperza (我難過),HOLAHOJIAN,: 只能請客服人工補點
imperza (我難過),supertsy,": 你的不方便才會有獲利,其實要做到即時跟卡片管理一"
imperza (我難過),supertsy,": 樣不難,就是不要"
imperza (我難過),sallly520,: 我覺得不會很難啊，就設個鬧鐘23:55分，回想你今天
imperza (我難過),sallly520,: 大部分刷了什麼，轉換那個方案就好。我不懂為什麼要
imperza (我難過),sallly520,: 前一天設明天的方案？
imperza (我難過),supertsy,": 所以好市多換給我我就剪掉,現在用星展eco卡好刷不"
imperza (我難過),supertsy,: 用想太多 信用卡誰給你方便不是讓你燒腦用
imperza (我難過),charliedung,: 真的麻煩 很容易忘記
imperza (我難過),Sallina,: 這張沒有特殊活動根本不會用
imperza (我難過),supertsy,": 如果真心要高回饋,就分台幣跟外幣只要消費就算,需"
imperza (我難過),supertsy,: 要換來換去？
imperza (我難過),kisdd,: 趣旅行把保養車子的回饋拿掉真的很可惜QQ...
imperza (我難過),carpkuo,: 旅遊換別張卡啦！這張放精選刷刷便利店就好
imperza (我難過),hsudens,: 有夠哭的燒腦卡
imperza (我難過),BlueBird5566,: 還要設鬧鐘XDDD
imperza (我難過),BlueBird5566,: 台灣人很好笑的是 永遠有些人幫資方或企業說話
imperza (我難過),BlueBird5566,: 制度爛或規定爛 只要有人批評 就會被一些人攻擊 都
imperza (我難過),BlueBird5566,: 不能批評的 那心態跟中國人好像XDD
imperza (我難過),BlueBird5566,: 正常來說就是有批評才會促使進步 結果某些人的護航
imperza (我難過),BlueBird5566,: 只是讓人不敢說真話&讓資方或企業停滯不前
imperza (我難過),lifecat,: 本來就是看最後23:59時的類別不是看刷卡當時啊
imperza (我難過),BlueBird5566,: 啊 過了五點半了 難怪 員工下班了開始戰批評者XD
imperza (我難過),adesinger,: 滑坡滑的有夠遠XD 覺得制度爛當初辦卡的時候就不要
imperza (我難過),adesinger,: 簽名，你簽名代表同意銀行的玩法好嗎
imperza (我難過),alloc,: 這張不是刷icashpay/icash2.0/open錢包就好了嗎
imperza (我難過),tontonplus,: 首刷禮達成後就沒刷過這張爛卡了
imperza (我難過),sinclaireche,: 統一關係企業專用卡
imperza (我難過),andy0055,: 我也踩過一次
imperza (我難過),andy0055,: 還好那天的Agoda 我後來都退訂了
imperza (我難過),loveyourself,: 本來是拿來買遊戲 現在就是買書店/高鐵/小七會用
imperza (我難過),qqplusqq,: 所以我只用無腦卡～
imperza (我難過),anjohn,: 除了趣旅行時間常不準外，其他我覺得不會很難吧
imperza (我難過),mistel,: 是這樣那真的很難用欸 momo刷了一筆24900的毀了
imperza (我難過),niceperson99,: 請看清楚遊戲規則再來玩
imperza (我難過),iwei0930,: 這張是不是刷卡時間是看公司地址啊？明明切對但公司
imperza (我難過),iwei0930,: 是西班牙….台灣跨日但那邊還沒 變沒回饋
imperza (我難過),yeh0416,: 無腦如我直接pass這張卡XD
imperza (我難過),ntsh010280,: 無腦集精選就夠了
imperza (我難過),s94271096362,: 這張真的難用 優惠也愈來愈少了
imperza (我難過),passenger10,: 想也知道當天...... 你轉了刷完後面換別的再刷系統
imperza (我難過),h3651551,: 看來國文要加強一下
imperza (我難過),ppptofff,: 幾乎沒切過 當特定卡用就不會有這些奇奇怪怪的問題
imperza (我難過),ppptofff,: ㄌ
imperza (我難過),hotking,: 這張 我只固定用一個權益，從來不變
imperza (我難過),Vessel,: 很難用 趕快剪卡 別跟我搶登錄
imperza (我難過),Vessel,: 不看遊戲規則的還是去玩無腦刷
imperza (我難過),waakye,: 問題現在就沒有無腦3%
imperza (我難過),waakye,: 要是有無腦3% cube就可以剪了
imperza (我難過),iorittn,: 所以我完全不想換發這張
imperza (我難過),adon0313,: 你可以吉鶴
imperza (我難過),jimhall,: cube 就是要至少四張，各自鎖定四方案都不要切
imperza (我難過),adon0313,: 我已經精選輯半年了
imperza (我難過),waakye,: 吉鶴不算加碼規則也就2%
imperza (我難過),jimhall,: 我也不懂為什麼這樣玩弄顧客，可能想省1/4的成本，
imperza (我難過),jimhall,: 但是會激怒3/4沒拿到優惠的客戶吧
imperza (我難過),simon81345,: 這張我是跟吉鶴卡搭配用，剛好一張用在超商和加油（
imperza (我難過),simon81345,: 集精選），一張超商外用（超商被排除在外）~
imperza (我難過),jimhall,: 大家可以打客服打到設計方案的人離職
imperza (我難過),jimhall,: 就會重新設計方案了
imperza (我難過),kuter,: 還以為是不同天...就自己沒開清楚規定
imperza (我難過),FireSunFire,: 登錄高回饋活動、確定回饋的通路、切換規則看清楚，
imperza (我難過),FireSunFire,: 才刷CUBE卡，某些特定高回饋很好用！
imperza (我難過),FireSunFire,: 這張卡會用的人，覺得很好用！
imperza (我難過),ivan761016,: 切錯方案不回饋銀行賺死了怎麼可能改
imperza (我難過),FireSunFire,: 不想花腦筋的人，可以固定在特定通路就好
imperza (我難過),biojo,: 這張卡前一陣子卡版一堆文章 人人說神卡
imperza (我難過),FireSunFire,: 某些通路搭配高回饋登錄活動，很神啊～
imperza (我難過),kkkk1234,": 持卡到現在刷了89,463（含icash加值、icash pay）"
imperza (我難過),kkkk1234,: 目前信用卡小數點8292點 另外還有一點點拿去換電子
imperza (我難過),kkkk1234,: 票券了 想不到這張不能稱為神卡的理由
imperza (我難過),kkkk1234,: 喔 想到一點 國泰就不能好好把系統調到符合規則的
imperza (我難過),kkkk1234,: 依照授權時間認定回饋資格嗎 打去客服爭取都拿得到
imperza (我難過),kkkk1234,: 點數 但就是要花時間
imperza (我難過),guanghagrid,: 理解能力有問題的人真的不適合這張
imperza (我難過),suhhwanjen,: 可能可以先從國中國文課開始學習
imperza (我難過),Garrys,: 傻孩子
imperza (我難過),Garrys,: 都只玩加油
imperza (我難過),sallly520,: 刷個卡還要扯到資方真的好好笑，遊戲規則寫的清清楚
imperza (我難過),sallly520,: 楚，沒有跟國文程度不好的一起罵國泰就是員工在洗地
imperza (我難過),sallly520,: ？噗噗
imperza (我難過),kobe741107,: 根本廢卡啊 icash繳費好用
imperza (我難過),teeeeee,: 這張就是設計賺那些不會切的，想這個企劃的厲害XD
imperza (我難過),Kazamatsuri,: 其實大部分應該是會切在百貨權益 因為主力是用在遠
imperza (我難過),Kazamatsuri,: 東百貨/遠東SOGO之類的 尤其是週年慶等大檔 刷那幾
imperza (我難過),Kazamatsuri,: 單3%-4%跟百貨滿額贈/來電消費禮加一加就能cover其
imperza (我難過),Kazamatsuri,: 他相對小金額的消費了 科科
imperza (我難過),Kazamatsuri,:                     來店
imperza (我難過),fastfu,: 廢卡一張
imperza (我難過),capacitor,: 這張卡本來就不適合一般人
imperza (我難過),sbtiagr,: 說真的這張卡的精華就是集精選和icash與icp 10%，
imperza (我難過),sbtiagr,: 其他當作沒有，玩一下活動可以，不要把它當主力卡
imperza (我難過),sbtiagr,: 會比較輕鬆
imperza (我難過),sbtiagr,: 我也曾為和樂饗購跟集精選忘記切 損失了幾十點
imperza (我難過),ciplu,: 麻煩就不要用了吧   不適合你
imperza (我難過),foreverwings,: 哭阿 原來是看當天最後一次 = =
imperza (我難過),sbtiagr,: 而懊惱
imperza (我難過),cocochris,: alloc大正解
imperza (我難過),videoproblem,: 活動結束就可以冰起來了
imperza (我難過),shuhong,: 我還真的不知道，感謝告知。
imperza (我難過),mumuw,: 不切當實體店專用卡
imperza (我難過),Frank168,: 其實我覺得搭配起來蠻好用的，三月底活動刷Hotels.c
imperza (我難過),Frank168,: om6%，其他可以用Linepay無腦刷狗卡3.8%
imperza (我難過),Ken52039,: 這麼多人不會用？我真是大開眼界，國泰的大勝利
imperza (我難過),waakye,: 不是不會用。是忘記切。我還特別在卡片上面貼了提
imperza (我難過),waakye,: 醒「刷卡前記得切換」
imperza (我難過),Kazamatsuri,: 很多應該是舊卡轉換 或是百貨公司被推的吧？ XD
imperza (我難過),Kazamatsuri,: 不是忘記切 是切之前要確認當天的消費符不符合 :P
imperza (我難過),windward,: 這張集精選以外的就當做沒有  懶得切來切去
imperza (我難過),slchao,: 中油自助+GP，全聯儲值，icash繳費，很好用了啦
imperza (我難過),tqaz,: 這張主力711 OP錢包、全聯社、中油直營，其它就算了
imperza (我難過),HunterLin24,: 轉換的當下就有提示寫當天0時起之消費都算在切換後
imperza (我難過),HunterLin24,: 的權益了，到底要寫在哪才會看……
imperza (我難過),niceperson99,: 我覺得國泰出這張是要賺有人忘記切權益少拿回饋 這
imperza (我難過),niceperson99,: 張不適合一般人無腦刷
imperza (我難過),UMChen,: 換長榮哩程賣掉，相當於3.75-4.1%的現金回饋。比長
imperza (我難過),UMChen,: 榮聯名卡國內消費划算
imperza (我難過),cocosu,: 一次的學費 下次就不會忘了啊
imperza (我難過),waakye,: 一開始大家都會忘記切，所以優惠敢給啊。現在用戶聰
imperza (我難過),waakye,: 明了，回饋就開始砍了
imperza (我難過),tomsawyer,: 現在里程爆炸貴 可以賣到0.45了
imperza (我難過),joy2105feh,: 不是 他改權益的時候不是都有提醒嗎0.0
imperza (我難過),b99703117,: cube卡網頁都有範例 還搞錯可能要加強閱讀能力吧
imperza (我難過),jay2070,: 感謝分享經驗…
imperza (我難過),degneva,: 這張卡固定用它回饋最高的權益就好 其它消費你就刷
imperza (我難過),degneva,: 別張卡替代 也不是沒卡替代它
imperza (我難過),DaKyu,: 這張記性不好的話，比較適合固定在某個方案，然後刷
imperza (我難過),DaKyu,: 相關回饋就好
imperza (我難過),Ken52039,: 簡單說就是每天只能用一種權益，不能看電腦又吃飯
imperza (我難過),Ken52039,: 看電影逛百貨才對
imperza (我難過),yuta02,: 最麻煩的信用卡 沒有之一：）
imperza (我難過),Merlini,: 我這中油拿滿上限後就冰了 就用其他主力卡
imperza (我難過),Barefoot24,: 真的是每次轉換前都要想半天，回想今天刷了什麼，等
imperza (我難過),Barefoot24,: 等可能還要刷什麼
imperza (我難過),hsx1002,: 很多人說難用我就放心了 回饋別砍就好
imperza (我難過),jack168168tw,: dcard 卡板有7成文章都是這張核卡文...
imperza (我難過),Kazamatsuri,: 因為算是小白比較好核的卡啦 XD
imperza (我難過),freekadze,: 就選一個用就好了有那麼難嗎? 3%爾已是只有一張卡嗎
imperza (我難過),bennylu1212,: 持國泰世界可換長榮哩賣0.5，會心累嗎？
imperza (我難過),siekensou000,: 入手簡單，麥當勞跟全聯都有3%，麥當勞+點點卡又10
imperza (我難過),siekensou000,: %，算是補了我消費缺口。
imperza (我難過),siekensou000,: 常去的地方就是超商跟麥當勞及全聯，不過他大潤發
imperza (我難過),siekensou000,: 那種好像只有0.3%？我是用凱基刷超市跟大賣場，J卡
imperza (我難過),siekensou000,: 已廢。
imperza (我難過),asdfg567,: 這張我都固定集精選
imperza (我難過),imrt,: 恭喜你終於學會了。
imperza (我難過),tue678,: 本來就是這樣阿 要持續到當天結束
imperza (我難過),tue678,: 要無腦刷 換其他間吧
imperza (我難過),tue678,: 不適合短時間切來切去
imperza (我難過),guanghagrid,: 我覺得某樓其實還是沒有搞懂遊戲規則欸
imperza (我難過),Sauter,: 最好你們都不要用才不會又調爛
imperza (我難過),goodjop,: 沒再轉換的 這種機制撐不久的
imperza (我難過),satsukii,": 回饋也沒多高又燒腦的要命,有很多更優的卡吧"
imperza (我難過),NeilRen,: 這張卡就是選你無法被其他卡取代的權益，就不要改了
imperza (我難過),UCCUplz,: 剪惹
imperza (我難過),Ronniecf,: 我這張就只顧一個方案了 太多原因會拿不到回饋
imperza (我難過),Ronniecf,: 又不是多高回饋切來切去太傷神了
imperza (我難過),hugh509,: 四張卡也沒用，Cube方案是跟著ID走，多卡連動
imperza (我難過),Dwccc,: 就很爛 當時還一堆廣告推文
imperza (我難過),Dwccc,: 現在推文中還有
imperza (我難過),LV3000,: 用這卡就要有心理準備會很麻煩，建議分卡處理
imperza (我難過),a765432112,: 可以a我推文，就算方案正確，還有時間差的問題喔！
imperza (我難過),a765432112,: 總不能一直打客服
imperza (我難過),youjizz,: 這張真的難用，我也冷凍了
imperza (我難過),misshand,: 這張就加油卡吧，其他沒用
imperza (我難過),lyh0215,: 這張搭配國泰世界卡，算是目前的哩程神卡!!!
imperza (我難過),lyh0215,: 換哩程後回算的回饋砍殺其他航空聯名卡或哩程信用卡
imperza (我難過),anguslf2,: 所以我這張只拿來刷全聯
imperza (我難過),anguslf2,: 加油都加costco 或全國週三搭永豐sport Apple Pay
imperza (我難過),sddmavn,: 這張我都拿來加油和買蝦皮，日常開銷就吉鶴卡就好
imperza (我難過),vivian02100,: 這就是你自己沒有了解怎麼用了吧
imperza (我難過),tequila2,: 喔
imperza (我難過),OhMyGoose,: 就是一張瘋狂發葉配的爛卡呀XDD
imperza (我難過),minikai,: 這張我都只拿來訂吳柏毅
imperza (我難過),iverson812,: 天真無邪
imperza (我難過),Molsely,: 我每個月ue3萬起+吃餐廳+超商，方案只切精選跟響樂
imperza (我難過),Molsely,: ，剛開始有大大推文說可先刷完後換日內切換就好這
imperza (我難過),Molsely,: 句話之後就秒懂這卡玩法，目前還沒失手過
imperza (我難過),shiangtop,: 回饋弄得太複雜打算冰起來了
imperza (我難過),sai2100sai,: 看似很用心整合但卻非常的難用的一張卡
imperza (我難過),AIC,": 曾經也突然忘記,把權益切走,吃鱉過就永遠記得了唉"
imperza (我難過),fishjoe56,: 這張就常駐同一個權益就好，全聯超商都還算好用
imperza (我難過),lyh0215,: 這張以一般回饋3%搭配世界卡，刷個16萬就可換國泰
imperza (我難過),lyh0215,: 航空台北東京或曼谷經濟艙來回，若5%回饋更只要刷9.
imperza (我難過),lyh0215,: 6萬，哩程效果強大！
imperza (我難過),leo01218,: 這張畢竟高回饋，弄懂規則算好用，平時常駐要用在切
imperza (我難過),deeeplove,: 星展eco比他好用
imperza (我難過),deeeplove,: 我覺得是他們資訊部不會開發欸
imperza (我難過),deeeplove,: 有夠爛的 或是大樹本來就想要這樣搞
imperza (我難過),try0905,: 真的難用….
imperza (我難過),shodeah,: 我也吃過同樣的虧，吃一次以後就不會再犯錯了
imperza (我難過),s999132,: 勸你不要嗆我們護板神卡喔
imperza (我難過),moonlitwind,: 我好幾次忘記切，金額不大也只能算了0.0…常常刷還
imperza (我難過),moonlitwind,: 是會忘記要切。
imperza (我難過),moonlitwind,: 加減用
imperza (我難過),frgthy,: 奇怪，我怎麼從來沒有吃不到回饋的問題？ 你辦卡前
imperza (我難過),frgthy,: 有把回饋規則看清楚嗎？
imperza (我難過),rainsilver,: 刷momo和新光用 其他還好
imperza (我難過),rainsilver,: 其實這張就是一天刷一種就好 還讓你有機會回朔整天
imperza (我難過),pippen2002,: 23:59:59前最後切換的權益來算當天的??
imperza (我難過),Kazamatsuri,: 就是用當天最後切的權益算當天00:00:00到23:59:59之
imperza (我難過),Kazamatsuri,: 間的消費回饋
imperza (我難過),imkiwiwi,: cube不能當主力 但回饋率搭得好很神
imperza (我難過),ppa1014,: 還好吧現在這張是我主力哈哈
imperza (我難過),wade690827,: 全家三張卡各一個權益都不用切，刷那個就拿誰的好
imperza (我難過),wade690827,: 用到不要不要
imperza (我難過),kkkk1234,: 現在有四個權益
imperza (我難過),Kazamatsuri,: 不是全家人都會同時在一起 而且有時候需要簽名 你拿
imperza (我難過),Kazamatsuri,: 不是自己的卡會有問題 科科
imperza (我難過),cossintan,: 不是卡的問題   是人的問題 這種無腦抱怨文也可以？
imperza (我難過),freekadze,: 朋友旅遊業每個月刷破百萬 爽賺 你不會用罷了
imperza (我難過),terfd,: 這張只能拿來繳費或固定一種類型消費 其他別想了
imperza (我難過),rcf150cc,: 不切 只拿來加油用
imperza (我難過),jimhall,: 這張的玩法就是辦多張附卡多個方案，另外就是一天
imperza (我難過),jimhall,: 只刷一次一種方案，美沒事不要切
imperza (我難過),neukopf701,: 我覺得蠻爛的，還要轉來轉去
imperza (我難過),q2520q,: 這張就去年有10%活動的時候猛而已，現在就...
imperza (我難過),q2520q,: 主要是要切換結果回饋也沒比別家強，別張日常回饋刷
imperza (我難過),q2520q,: 滿後才輪的到這張，但別家刷滿後基本上那個月就差不
imperza (我難過),q2520q,: 多要結束了換下一輪，這張大概就旅遊可能有用(但我
imperza (我難過),q2520q,: 不是受眾所以我也不知道)
imperza (我難過),dastinc,: 1.自己不看規則 2.吃飯3%也沒多少錢 下次記得就好
imperza (我難過),KoTK,: 少切換就好 反正幾乎都用集精選，用好幾個月也才切
imperza (我難過),KoTK,: 過一次用趣旅行
imperza (我難過),ppon,: 很難用又複雜的卡 我都勸身邊想無腦刷的不要辦這張
imperza (我難過),jimhall,: 日內切換 最穩就是一天只刷一筆 但這樣又有點不實
imperza (我難過),jimhall,: 際
imperza (我難過),et054987,: 中油直營跟全聯就夠了 懶得切 偶爾去百貨公司消費才
imperza (我難過),et054987,: 會切
imperza (我難過),troyx,: 中文不好 條款看不懂的話就去多讀點書吧
imperza (我難過),sfwejfish,: 還以為又是國外換日問題 結果是自己沒看清說明
imperza (我難過),altee5566,: 除了加油想不到哪裡好
imperza (我難過),curry0402,: 後來都專門加油跟停嘟嘟房
imperza (我難過),td200672,: 切換的頁面寫很清楚
Go2 (Go2),finhisky,: 謝謝提醒 原本拿到直接丟抽屜 XD
Go2 (Go2),naruto1010,: 感謝提醒~
Go2 (Go2),Amewakahiko,: 剛收到鱒魚卡
Go2 (Go2),Amewakahiko,: 鱒魚10萬送2000 你這包比較好...
Go2 (Go2),loving209,: 這哪個網頁？隨手查？
Go2 (Go2),finhisky,: 看官網說明，代扣繳只要繳一次就符合，回饋金入賬前
Go2 (Go2),finhisky,: ，取消代扣繳也不影響回饋資格
Go2 (Go2),finhisky,: 富邦可以網銀線上申請代扣繳、終止代扣繳
Go2 (Go2),finhisky,: 輕鬆多賺100
Go2 (Go2),iamhsg,: 今天收到鱒魚卡+1
Go2 (Go2),BabyWolf,: 收到鱒魚+1 我也覺得這包比較好XD
Go2 (Go2),swattw,: 我還沒拿到尊魚
Go2 (Go2),yuenru,: 沒收到，只是網銀看得到J卡
Go2 (Go2),koebdog,: 請問日盛還有結餘溢付款要怎麼拿回？
denniswave ( ),Jmoe,: 已登陸 但寫成功沒看到號碼就是了
denniswave ( ),raja98643667,: https://i.imgur.com/k5prgTu.jpg
denniswave ( ),Subscript9,: https://i.imgur.com/f5q4A8a.png
denniswave ( ),raja98643667,: 這次匯率要存多少？
denniswave ( ),cosmos506,: 登到立馬儲值
denniswave ( ),denniswave,: 下一季還有，繼續存...XD
denniswave ( ),chenan,: 一張卡最高只能20000日圓….
denniswave ( ),ken77114,: 應該是日幣儲值1萬2
denniswave ( ),zsxa1234,: 加碼7%上限大概13000日幣左右？
denniswave ( ),ken77114,: 12278日幣
denniswave ( ),raja98643667,: 一張卡上限20000可以suica虛擬卡可以開複數張吧？
denniswave ( ),a9075a9075,: 沒了= =沒關係用cube
denniswave ( ),easonking,: 滿
denniswave ( ),raja98643667,: 最少可以移到apple watch上獨立
denniswave ( ),chenan,: 謝謝，我來研究一下suica虛擬卡
denniswave ( ),Subscript9,: 暫時算出來的匯率是0.2314，剛剛立刻刷的，供參
denniswave ( ),Subscript9,: https://i.imgur.com/wNA05mR.png
denniswave ( ),denniswave,: 我是手機跟apple watch各一張
denniswave ( ),chenan,: https://i.imgur.com/gHFWyfx.jpg
denniswave ( ),Subscript9,: https://i.imgur.com/Liovj1M.png
denniswave ( ),chenan,: 只有手機，我看看能不能直接弄兩張，不能就只能加
denniswave ( ),chenan,: 值8000了，九月才要去日本
denniswave ( ),Subscript9,: 手機可以兩張啊
denniswave ( ),Subscript9,: 一張pasmo 一張suica xDDD
denniswave ( ),zsxa1234,: https://i.imgur.com/7IHB4P8.jpg 重刷頁面的時候超
denniswave ( ),zsxa1234,: 怕登不到
denniswave ( ),Hakone,: 我還設行事曆結果忘了 7% 再見QQ
denniswave ( ),atidify,": 請問2022Q4登錄的, 有人收到回饋了嗎?"
denniswave ( ),smilelife,: 我還沒收到上季的回饋
denniswave ( ),atidify,": 感謝回覆~我也還沒收到,Q4活動網頁空了查不到資訊"
denniswave ( ),Subscript9,: 我也還沒收到
denniswave ( ),minanron,: 已額滿，氣死
denniswave ( ),chenan,: 實測虛擬卡成功
denniswave ( ),chenan,: https://i.imgur.com/lIMBGI7.jpg
denniswave ( ),chenan,: https://i.imgur.com/so7Tq5a.jpg
denniswave ( ),zsxa1234,: 還沒收到+1
denniswave ( ),chenan,: 另外上一季的回饋也還沒收到。
denniswave ( ),Subscript9,: 我用網站時光機撈到了，3月底回饋，應該這幾天
denniswave ( ),Subscript9,: https://i.imgur.com/7aTsjsU.png
denniswave ( ),senrenbanka,: 剛剛加值才想到2月去日本已經加好加滿了= =
denniswave ( ),andychen39,: 儲值了日幣12300，刷卡通知2845台幣
denniswave ( ),jim31117,: https://i.imgur.com/I225bAX.jpg
denniswave ( ),jim31117,: 家裡兩張都登入到了
denniswave ( ),kalmia,: 以後真的不參加這種事後登錄的 容易忘
denniswave ( ),berserkman,: 額滿…
denniswave ( ),berserkman,: 這活動真的容易忘記
denniswave ( ),passenger10,: 富邦不難用吧國泰更爛
denniswave ( ),saedn,: 有登錄就有嗎？
denniswave ( ),a87992772,: 完全忘了
denniswave ( ),silversnow24,: 完全忘記
denniswave ( ),wanye8329,: 國泰還比較好用  一鍵就全登記  富邦有夠摳
richchris (Chris),wanye8329,: 難得看到富邦比花旗還記仇的案例.....
shuhong (金豆鳥),m58096,: 謝謝已登錄
shuhong (金豆鳥),CiaoTwo,: 感謝提醒
shuhong (金豆鳥),xwer,: 感謝提醒
shuhong (金豆鳥),GUNDAMJACK,: 請問這個有限實體卡嗎？
shuhong (金豆鳥),owenxeve,: 用open possible就有5%，富邦這種要登錄的我直接刷
shuhong (金豆鳥),owenxeve,: 別張卡就好了
shuhong (金豆鳥),CCNCCN,: 登錄完然後剩9天…
shuhong (金豆鳥),soy5566,: 加油刷卡還會圈存 很慢
shuhong (金豆鳥),snow30288,: cube 至少都有6%，獲利王科科
shuhong (金豆鳥),rain62350,: 到2024~還有一年吧
shuhong (金豆鳥),fred12345,: 1/1開始刷的都算吧
shuhong (金豆鳥),ackes,: 5%還要登錄...不如別張
shuhong (金豆鳥),Hamazura,: open possible +1，附近有統一加油站還可以周二888
shuhong (金豆鳥),Hamazura,: 7%+5% 7-11 OP點數
shuhong (金豆鳥),Hamazura,: 找一天加油後 點數夠用直接拿去抵洗車費省一筆
shuhong (金豆鳥),beerhsieh,: 是2023哦 紅明顯
shuhong (金豆鳥),kev2345,: 用line pay不知道可不可以
shuhong (金豆鳥),hsiaoyan726,: 謝謝提醒，已登陸
shuhong (金豆鳥),PCC2003,: 活動期間：112/1/1-112/3/31
shuhong (金豆鳥),repast,: 5%還要登錄 真的笑 用op卡就好
shuhong (金豆鳥),zurxgulx,: 刷日本那個也很廢 我4月要刷日本 要到6/20才能登錄
shuhong (金豆鳥),zurxgulx,: 賭人忘記就對了 廣告還打那麼大
shuhong (金豆鳥),zark07222,: 笑死。5%是要搶什麼？這種超爛回饋還真的有人登錄
shuhong (金豆鳥),zark07222,: ，明明有一堆8% 10 % 12 %的，那麼爛的東西你都吞
shuhong (金豆鳥),zark07222,: 下去，難怪銀行福利越給越少，悲哀呀
shuhong (金豆鳥),sfrankie,: OP卡不就5%了？
shuhong (金豆鳥),cccmailncyu,: cube行動支付7% J卡pass
shuhong (金豆鳥),Garrys,: 5%可憐啊
shuhong (金豆鳥),barryliou01,: 這個應該要刷實體卡
shuhong (金豆鳥),yoeven,: 只有2.8%吧 2.2%是j卡本身
shuhong (金豆鳥),Vessel,: 富邦Op卡好像是5+5+7 ，之前以為是12而已
shuhong (金豆鳥),Vessel,: 配合icashpay速邁樂週二
shuhong (金豆鳥),silver0610,: 有上限還是用cube
shuhong (金豆鳥),osk2,: cube笑而不語
shuhong (金豆鳥),shuhong,": j卡這個刷line pay也有5%,會執著line pay就是喜歡會"
shuhong (金豆鳥),shuhong,: 員 載具 條碼一次刷，加油滿500 line pay會送抽獎券
shuhong (金豆鳥),shuhong,: ，雖然我都只抽到6點。
shuhong (金豆鳥),cool022683,: OP也可以刷line pay…一樣可以抽獎….
shuhong (金豆鳥),ciplu,: 大戶悠遊卡自動加值也5%
shuhong (金豆鳥),hate0322,: 覺得加油刷實體卡最快
shuhong (金豆鳥),ipadpro2,: https://i.imgur.com/DRorLVu.jpg
shuhong (金豆鳥),KarlMarx,: 5%也能搶....獲利王爛卡。
shuhong (金豆鳥),a0730405,: 感謝提醒，已登錄！
shuhong (金豆鳥),b2846972926,: 樂家.cube笑而不語
shuhong (金豆鳥),ppoollkk,: 有到2024嗎???
shuhong (金豆鳥),rainsilver,: cube還要中油直營
shuhong (金豆鳥),ChangHash,: OP直接5% J卡不知道多久沒刷了
shuhong (金豆鳥),pink7813,: 謝謝分享
shuhong (金豆鳥),sarspieya521,: 辦這張後，幾乎沒什麼優惠可以用
shuhong (金豆鳥),jim8q9a63,: 5%….，國泰6%
shuhong (金豆鳥),jim8q9a63,: 更正7%
shuhong (金豆鳥),cooji74115,: 一銀義享天地就5%了 免搶 還可combo台灣pay+2%
shuhong (金豆鳥),shuhong,: 一銀義享天地5%只到三月底再來只剩3%，義享卡6000就
shuhong (金豆鳥),shuhong,": 封頂拿來搭px pay六日儲值一千可以到7%,但啪~沒了。"
shuhong (金豆鳥),andy0055,: 有登記有推
shuhong (金豆鳥),pippen2002,: 完全忘記!!哈哈哈！
shuhong (金豆鳥),pippen2002,: costco-98要價29.3中油32.4 價差8.9%?
shuhong (金豆鳥),pippen2002,: 95:27.8 CPC:30.4==>價差8.55%? winwin?
shuhong (金豆鳥),pippen2002,: cccmailncyu : cube行動支付7%<--這個我喜歡!
shuhong (金豆鳥),pippen2002,:  咦? 我要出國了!不用刷了...
shuhong (金豆鳥),wafone,: 樂家常態6趴
shuhong (金豆鳥),reifind,": 廢到笑的活動,別家卡不用搶還現金回饋呢!!"
lianpig5566 (家庭教師殺手里包恩),azrael1011,:應該是B+跟A-的差距吧
lianpig5566 (家庭教師殺手里包恩),swax,:等等，一樓，不是應該A+跟B-的差別嗎
lianpig5566 (家庭教師殺手里包恩),windqqr,:樓上，一樓沒說錯啊 XDDDD
lianpig5566 (家庭教師殺手里包恩),nonexcuse,:一樓說的是成績，樓樓上說的是罩杯....
lianpig5566 (家庭教師殺手里包恩),Subscript9,:  廢到笑
lianpig5566 (家庭教師殺手里包恩),Subscript9,: https://i.imgur.com/95Ev6nA.png
lianpig5566 (家庭教師殺手里包恩),angus850503,: 系統根本進不去
lianpig5566 (家庭教師殺手里包恩),rebot,: https://i.imgur.com/5DyryoP.jpg
lianpig5566 (家庭教師殺手里包恩),thindust,: 兩張已登
lianpig5566 (家庭教師殺手里包恩),nextstar,: 已登錄
lianpig5566 (家庭教師殺手里包恩),Subscript9,: https://i.imgur.com/m7ZXrWr.png
lianpig5566 (家庭教師殺手里包恩),oxkay,: 一直重新整理，我家兩張都有登錄了
lianpig5566 (家庭教師殺手里包恩),xaobai,: 多試幾次有登成功了
lianpig5566 (家庭教師殺手里包恩),DTFT,": APP一直進不去, 改用電腦登網銀才成功"
lianpig5566 (家庭教師殺手里包恩),rail02000,: app卡住，電話（應該有）登錄成功
lianpig5566 (家庭教師殺手里包恩),jason00809,: 根本進不去阿！ 哭哭
lianpig5566 (家庭教師殺手里包恩),shiya83922,: https://i.imgur.com/uIW1qq1.jpg
lianpig5566 (家庭教師殺手里包恩),shiya83922,: 已登錄
lianpig5566 (家庭教師殺手里包恩),jim31117,: https://i.imgur.com/KGYBbK8.jpg
lianpig5566 (家庭教師殺手里包恩),leopika,: 就說了乖乖刷吉鶴或中信linepay就好
lianpig5566 (家庭教師殺手里包恩),a2382307,: 問個 我一個帳戶有兩張j卡，只需要從行動網銀登陸一
lianpig5566 (家庭教師殺手里包恩),a2382307,: 次就好嗎？還是要每張都登記？
lianpig5566 (家庭教師殺手里包恩),clean123,: 超垃圾登記制度
lianpig5566 (家庭教師殺手里包恩),Kazamatsuri,: 活動期間每季「每戶」加碼上限500元
lianpig5566 (家庭教師殺手里包恩),zixflower,: 已登錄
lianpig5566 (家庭教師殺手里包恩),rayment,: 已登錄成功
lianpig5566 (家庭教師殺手里包恩),ckfh101,: 已登錄
lianpig5566 (家庭教師殺手里包恩),dragonsleep,: 每戶加碼500元 所以可以刷到2萬5
lianpig5566 (家庭教師殺手里包恩),dragonsleep,: 剛開始app很卡 重登就成功了 我家搶到3張
lianpig5566 (家庭教師殺手里包恩),hloy14,: 感謝提醒
lianpig5566 (家庭教師殺手里包恩),DaKyu,: 蠻順的～
lianpig5566 (家庭教師殺手里包恩),Kazamatsuri,: 重點在「每戶」 不然J/JU是可以辦到12張的啊 XD
lianpig5566 (家庭教師殺手里包恩),same01216,: 已登陸成功
lianpig5566 (家庭教師殺手里包恩),b41604w,: 手機登錄很順，感謝提醒
lianpig5566 (家庭教師殺手里包恩),bomb9146,: 16：19左右登錄成功
lianpig5566 (家庭教師殺手里包恩),ivymorita,: 感謝提醒~已登
lianpig5566 (家庭教師殺手里包恩),nick2428,: 現在登錄的是不是今年1-3月刷才5%？
lianpig5566 (家庭教師殺手里包恩),nick2428,: 4-6月刷 要6/20登錄？
lianpig5566 (家庭教師殺手里包恩),kiwiwoo,: 感恩，已登
lianpig5566 (家庭教師殺手里包恩),minanron,: 沒想到那麼多人去日本，登錄還會擠爆
lianpig5566 (家庭教師殺手里包恩),Maxslack,: 登錄成功
lianpig5566 (家庭教師殺手里包恩),sniper0710,": 半小時都還沒滿,意外的好搶"
lianpig5566 (家庭教師殺手里包恩),Jacktang,: 結果登錄的戶數其實也沒很多XD 那到底是在爆什麼XD
lianpig5566 (家庭教師殺手里包恩),Sheng98,": 可能對外流量不夠大塞住吧, 等一些人登完離開後就會"
lianpig5566 (家庭教師殺手里包恩),Sheng98,: 變順一點
lianpig5566 (家庭教師殺手里包恩),taihao,: 有登錄連結嗎
lianpig5566 (家庭教師殺手里包恩),pl726,: 應該是同時還有momo卡的一堆活動要登錄吧
lianpig5566 (家庭教師殺手里包恩),pl726,: 啊不對 momo卡3點半就開始登了
lianpig5566 (家庭教師殺手里包恩),mic82y,: 登錄成功 謝謝提醒
lianpig5566 (家庭教師殺手里包恩),jumpballfan,: 名額真多 慢一個小時都有 反倒是momo卡被秒殺
lianpig5566 (家庭教師殺手里包恩),kkkk1234,: 看到這篇才想到忘了登淘寶QQ
lianpig5566 (家庭教師殺手里包恩),sdlien3891,: 感謝提醒
lianpig5566 (家庭教師殺手里包恩),asd8911369,: 感謝提醒
lianpig5566 (家庭教師殺手里包恩),Kelthuzadd,: 感謝提醒
lianpig5566 (家庭教師殺手里包恩),monetblue,: 還有！
lianpig5566 (家庭教師殺手里包恩),easonking,: 殘念 滿了
lianpig5566 (家庭教師殺手里包恩),tndh,: 隨便登都有
lianpig5566 (家庭教師殺手里包恩),ahg,: 登
lianpig5566 (家庭教師殺手里包恩),lcxiann,: 滿了
lianpig5566 (家庭教師殺手里包恩),lemonsamon,: 感覺富邦搶活動都要打電話才比較高機率搶到名額，
lianpig5566 (家庭教師殺手里包恩),lemonsamon,: 上次搶網購準時按進去直接寫已額滿
lianpig5566 (家庭教師殺手里包恩),mamaman,: 謝謝
lianpig5566 (家庭教師殺手里包恩),AvatarGuo,: 殘念
lianpig5566 (家庭教師殺手里包恩),capacitor,: 富邦登錄系統爛到爆
lianpig5566 (家庭教師殺手里包恩),wuyi51,: 可惡 忘記了 想起來時就沒了 殘念
lianpig5566 (家庭教師殺手里包恩),sai2100sai,: 靠 忘了
lianpig5566 (家庭教師殺手里包恩),wavier,: 15:50 APP就開始會顯示人太多，稍後再試。16:01 用
lianpig5566 (家庭教師殺手里包恩),wavier,: 電話語音登錄直接忙線音，真的很爛。
lianpig5566 (家庭教師殺手里包恩),wavier,: 有時候還會出現已經登入，不能再登入，請等五分鐘。
lianpig5566 (家庭教師殺手里包恩),kalmia,: 完全忘記QQ 禮拜天的交通卡一定要記得
lianpig5566 (家庭教師殺手里包恩),Ginru,: 還沒去日本 先讓你們
lianpig5566 (家庭教師殺手里包恩),mibo3131,: 晚了10分進去已額滿 怎麼大家都有搶到..
lianpig5566 (家庭教師殺手里包恩),okucts,: 加碼上限才500，也就是只能刷25000，也搶成這樣？
lianpig5566 (家庭教師殺手里包恩),jimhall,: 要登錄就...
lianpig5566 (家庭教師殺手里包恩),pippen2002,: 還好以後不去日本！！可以省錢？(誤)
aokijoe (社頭阿偉),lide19921015,: 恭喜
aokijoe (社頭阿偉),anthony0901,: 聯邦會過我學生小白過了
aokijoe (社頭阿偉),PopeVic,: 恭喜核卡，最近也是剛申請 j 卡感覺要等兩個禮拜@@
aokijoe (社頭阿偉),saes91197,: 恭喜核卡！
aokijoe (社頭阿偉),hsx1002,: 國泰那張沒被註記學生吧
kkkk1234 (k_k_k_k),ludashi,: 可惜不是新戶
kkkk1234 (k_k_k_k),catuncle1,: 都是新戶限定，雖然是壽星，我這個老戶無福消受
kkkk1234 (k_k_k_k),c3d,: 舊戶邊緣
kkkk1234 (k_k_k_k),rtwodtwo,: 獲利王對舊戶跟路邊野狗一樣
kkkk1234 (k_k_k_k),dreamsletter,: 前幾天剛辦完ㄏㄏㄏ 奇檬子整個賭爛果斷怒剪
kkkk1234 (k_k_k_k),kkkk1234,: 等等 只有壽星任務二要求新戶 其他都只要求新卡
kkkk1234 (k_k_k_k),rz759,: 新卡禮雖然是不限金額任刷，但240不高又是點數...
kkkk1234 (k_k_k_k),rz759,: 結論3  xDD
kkkk1234 (k_k_k_k),rz759,:       ^正確
kkkk1234 (k_k_k_k),bill8345,: 50名
kkkk1234 (k_k_k_k),leopika,: 中信一堆卡都有新卡兩百，辦兩張就比兩百四多了
kkkk1234 (k_k_k_k),rz759,: 欸，我上面推文打錯...新卡→新戶
kkkk1234 (k_k_k_k),youtrue,: 舊戶生日沒人權
kkkk1234 (k_k_k_k),sherry881223,: 舊戶都不是人一樣
join183club (183club),Kazamatsuri,: ....那個是統一通知的 下面有寫實際會以銀行端判斷
join183club (183club),Kazamatsuri,: 正確回饋 官網也有寫 所以最後還是只有0.5% 科科
join183club (183club),cokelon,: 我保強制險用icashpay裡面保外加cube跟icashpay結帳
join183club (183club),dreamsletter,: Cube卡： 好吧他上限蠻低的
join183club (183club),nita1228,: 搭版分享
join183club (183club),nita1228,: 昨天刷麥當勞6.5%
join183club (183club),nita1228,: https://i.imgur.com/b89SIHS.jpg
join183club (183club),diwanjacky,: 麥當勞是什麼活動阿？
join183club (183club),Kazamatsuri,: #1ZxB61hH (MobilePay) LINE Pay麥當勞二三四3%上限
join183club (183club),Kazamatsuri,: 10點+富邦J Points/JU一到五2%+原卡基本回饋1.5%
join183club (183club),bring777,: 沒數位帳戶就沒有這麼高
join183club (183club),Kazamatsuri,: 原卡LINE Pay基本回饋就是1.5% 數帳是多0.7%
join183club (183club),followaymis,: 花旗 pi 都2%
join183club (183club),Kazamatsuri,: 跟有沒有數位帳戶綁扣繳沒關 錢包的通知一直都是一
join183club (183club),Kazamatsuri,: 樣的顯示 下面的說明看過了沒？實際上還是要以銀行
join183club (183club),Kazamatsuri,: 最終的回饋計算為主 所以保費最後還是只會有0.5%
join183club (183club),gctseng,": 消費刷卡, 不如儲值點點卡再消費"
join183club (183club),Hamazura,: 點點卡拿聯邦或樂天就好，有回饋又可以消費賺點數
tkforever (典哥),TCdogmeat,: 又是伸手?
tkforever (典哥),temu2015,: 辦聯邦吉鶴卡
tkforever (典哥),tonyian,: 現在能apple pay的地方都有圖示可以用指的
tkforever (典哥),tonyian,: 學點日文就好
tkforever (典哥),tonyian,: https://i.imgur.com/RGGYY7F.jpg
tkforever (典哥),TCdogmeat,: 日旅板JCB那篇再多爬爬吧...樓上資訊是錯的
tkforever (典哥),tonyian,: スマホ決済（けっさい）
tkforever (典哥),tonyian,: 日本jcb是自己這樣說的，不過我不是用apply
tkforever (典哥),tonyian,: https://i.imgur.com/YbumwYH.jpg
tkforever (典哥),TCdogmeat,: #1RcbkBoq (MobilePay)
tkforever (典哥),TCdogmeat,: #1Qn4JZ2C (creditcard)
tkforever (典哥),TCdogmeat,: #1ZkqR-_v (Japan_Travel) 今天還有人推文回報
tkforever (典哥),tonyian,: 如果只是クレジット那就沒啥阿，我是用android 系
tkforever (典哥),tonyian,: 統，但實體卡的確我是用這個詞
tkforever (典哥),davi0129,: 認水波紋吧 不然就是用suica了
tkforever (典哥),law123rence,: 吉鶴卡數位卡很快 大概隔天就有了吧
tkforever (典哥),killerbbt,: 你可以用西瓜卡綁在手機然後儲值西瓜卡不就好了 還
tkforever (典哥),killerbbt,: 可以直接感應坐車 超方便
tkforever (典哥),killerbbt,: 日本現在80趴以上支援感應刷卡 要找到不支援反而比
tkforever (典哥),killerbbt,: 較難吧
tkforever (典哥),killerbbt,: 然後你西瓜卡儲值就用applepay 然後富邦j卡儲值即
tkforever (典哥),killerbbt,: 可
tkforever (典哥),willieliu,: 那你爬的還真徹底 上面T大說的文章 肯定是突然冒出
tkforever (典哥),willieliu,: 來的 之前一定都還沒有對吧 嘻嘻☺
tkforever (典哥),poju0424,: 過年時去了四國，cube卡綁apple pay。除非櫃檯直接
tkforever (典哥),poju0424,: 貼apple pay圖示，不然通常感應支付手機靠過去超常
tkforever (典哥),poju0424,: 沒反應的
tkforever (典哥),kalmia,: 日本的感應刷卡機有變多了，常常店員拿到卡片就tou
tkforever (典哥),kalmia,: ch一下，但不代表這樣就是可以用Apple Pay，折衷辦
tkforever (典哥),kalmia,: 法就是先儲值到Suica/PASMO(交通系IC)再消費了，車
tkforever (典哥),kalmia,: 站內的店家大部分是可以用交通系IC卡交易的。
tkforever (典哥),cashnick,: 吉鶴卡有虛擬卡發卡超快
tkforever (典哥),Noice,: 講 Apple Pay 是自找麻煩…
tkforever (典哥),Noice,: タッチ/SUICA/QUICPay で 選一種
tkforever (典哥),Forestier,: 日本的apple唸作阿噗魯 說阿噗嚕配 應該可以？
tkforever (典哥),cijaychuchu,: 看你到日本的哪裡？親友1月底剛從京阪玩回來，說幾
tkforever (典哥),cijaychuchu,: 乎沒看到能用到apple pay的地方
tkforever (典哥),Kazamatsuri,: 下禮拜的話 加辦實體卡應該來得及 富邦舊戶加辦基本
tkforever (典哥),Kazamatsuri,: 上是秒核
tkforever (典哥),alphabat,: 主要就便利商店可用。建議辦吉鶴卡，隔天就發虛擬卡
tkforever (典哥),passenger10,: 西瓜卡打片天下......
tkforever (典哥),Molsely,: 你要唸 阿波魯配
tkforever (典哥),passenger10,: 直接踏吉可能比較簡單吧
tkforever (典哥),TCdogmeat,: 還在阿噗嚕的 八成都沒看文章
tkforever (典哥),passenger10,: 日本很多人不知道阿普如
tkforever (典哥),a880338,: 直接說踏吉 把手機拿去感應就好 不用囉嗦
tkforever (典哥),fastfu,: 要講quik pay吧？
tkforever (典哥),a497848,: 講NFC PAY;另外樓上的YT影片 就有其他日本人示範的
tkforever (典哥),a497848,: 影片了
tkforever (典哥),danielpupu20,: 帶實體卡插晶片不就好了。有那麼困難？
tkforever (典哥),mayasky,: 可以再辦一次嗎？
tkforever (典哥),Kazamatsuri,: J不限定只能辦一張啊 科科
tkforever (典哥),xkp74580,: 今天加辦 線上直接核准 快的話下週一就拿到了
tkforever (典哥),QQ5566,: 帶手機加一張卡呀
tkforever (典哥),CiaoTwo,": 結帳跟店員說カ—ド(咖斗), 如果看到機器有感應圖示"
tkforever (典哥),CiaoTwo,: (水波紋)優先手機apple pay靠上去，偶爾會失敗再乖
tkforever (典哥),CiaoTwo,: 插卡
tkforever (典哥),CiaoTwo,: 有些機器即使有支援感應 店員也會跟你說無法使用
tkforever (典哥),CiaoTwo,: 只能自己Try一下
tkforever (典哥),pippen2002,: 為何要虛擬卡? 回饋高??
tkforever (典哥),pippen2002,: 克服電話打過去說要等十分鐘有很難?我上次華航37min
tkforever (典哥),xzero0911,: Apple Pay聽不懂 要說阿婆魯配 這是認真的我遇過
tkforever (典哥),hank1391,: apple pay 超級少建議改用其他
tkforever (典哥),wendy1206,: 我上禮拜才剛回來，他們店員不知道apple pay，直接
tkforever (典哥),wendy1206,: 說credit card手機放上去刷。大約8-9成都讓刷。但也
tkforever (典哥),wendy1206,: 有遇到明明同家店，店員看到手機不讓結帳(只有一次)
tkforever (典哥),zzchihzz,: suica 加值很方便啊
tkforever (典哥),yumeixuan,: 刷實體卡不夠安定嗎? 怕爆炸?
tkforever (典哥),de092112,: 插卡或感應阿== 去年11月大阪刷爽爽
tkforever (典哥),dt1980,: 拿出手機開apple pay 不用說對方也懂吧
tkforever (典哥),Rutina,: 前兩天有成功Apple pay
tkforever (典哥),ezra,: 推文是不是一堆人沒看文章或沒看懂????
tkforever (典哥),yx35,: 板橋高鐵站、新竹高鐵站都有實體辦卡機，馬上就可以
tkforever (典哥),yx35,: 發卡了（無票證版本的JU卡）
tkforever (典哥),timk7,: 講quick pay就好，多半電子支付有寫漢字電子，有圖
tkforever (典哥),timk7,: 示，看完圖示跟店員講，還沒遇過不知道的店員，一
tkforever (典哥),timk7,: 蘭拉麵、uniqlo、安全帽店、便利商店、藥妝店一堆
tkforever (典哥),timk7,: 地方可使用
tkforever (典哥),NSPS6150,: 你跟他們說 card touch就懂了，便利商店跟藥妝能用
tkforever (典哥),NSPS6150,: ，餐廳幾乎不行
tkforever (典哥),kkkk1234,: 發卡ATM剛推出的時候常常短暫的不能辦 現在嚐鮮人
tkforever (典哥),kkkk1234,: 潮過了 情況應該有改善吧 #1YzdhKyR
tkforever (典哥),dust737,: 綁定linepay，但沒說要用linepay啊，直接刷卡就可
tkforever (典哥),dust737,: 以了
tkforever (典哥),dust737,: 樓主是虛擬卡的話，就說要感應刷卡，在用applepay
tkforever (典哥),dust737,: ，但很多商家都沒有感應，幾乎都是插卡
tkforever (典哥),lisa108920,: 一月剛去沖繩，Apple Pay 聽不懂，指櫃檯圖示比老
tkforever (典哥),lisa108920,: 半天，感應基本上很弱，結論就是幾乎不能用
tkforever (典哥),nikitony2001,: 樓上有些嘻嘻科科的人看起來就像讓問題無限循環的
tkforever (典哥),nikitony2001,: 犯人
tkforever (典哥),pandahsien,: https://linshibi.com/?p=41699&amp=1
h900404h (林老師卡好啦),joan4418,: 推薦華南SnY數位帳戶 10萬內 2.3%活存利率
h900404h (林老師卡好啦),Kazamatsuri,: 現在都線上辦數位帳戶比較容易了 臨櫃辦實體要有所
h900404h (林老師卡好啦),Kazamatsuri,: 謂的「正當」理由 還會被KYC一堆資料 XD
h900404h (林老師卡好啦),Kazamatsuri,: 而且根據隔壁板友的說明 SnY也可以轉成實體戶提升權
h900404h (林老師卡好啦),Kazamatsuri,: 限又還是保留了數位的利率跟跨轉提優惠次數 這樣也
h900404h (林老師卡好啦),Kazamatsuri,: 還是可以辦JCB金融卡 :P
h900404h (林老師卡好啦),h900404h,: 原來還可以這樣，不過我遇到的華南櫃員態度不是很
h900404h (林老師卡好啦),h900404h,: 好就不爽在華南辦了
h900404h (林老師卡好啦),imkiwiwi,: 正當理由=證券戶
h900404h (林老師卡好啦),an123456781,: 或是薪轉戶 也是正當理由
h900404h (林老師卡好啦),ivan001215,: 富邦貼紙真的很煩XDD
join183club (183club),IUOIUOIUO,: 哪裡登入 去活動登入沒看到
join183club (183club),tornado1621,: 台哥大聯名卡就加油無腦5%了
join183club (183club),sedric,: 登錄－>放棄，不是上班沒時間用，就是半夜要睡覺誰
join183club (183club),sedric,: 有空用，再不然就是大眾時間搶不到
join183club (183club),Kayusumi,: 登錄放棄+1
join183club (183club),lantimes,: 登錄麻煩 算了
join183club (183club),bring777,: 誠意不足
join183club (183club),jainly,: Cube 3%（基本）+3%（中油加碼）+1%（數位支付加碼
join183club (183club),jainly,: ） 還可以自助加油
join183club (183club),natukage,: 糞
join183club (183club),Vessel,: 二樓大說的對 而且用cube記得要找對直營站
join183club (183club),dgan,: 遠東樂家卡 也贏這個啊 (我也有富邦J)
join183club (183club),sam200002,: 太多卡打贏富邦J了，冰凍起來
join183club (183club),sam200002,: 用華南SnY信用+LINE PAY 10% 單筆滿百以上 這才猛
join183club (183club),xkp74580,: 合庫i運動 登錄活動 加油8%
join183club (183club),marchcharlie,: 登錄時間：112/3/22 16:00起至112/3/31 23:59，額
join183club (183club),marchcharlie,: 滿為止。
join183club (183club),marchcharlie,: 這活動已經開好幾次了 都是最後一個月才登錄 然後
join183club (183club),marchcharlie,: 回饋要5月底才進來
join183club (183club),marchcharlie,: 基本上等你忘記有登錄活動的時候就會進來了XD
join183club (183club),kiwiwoo,: 一銀義享加油也是5%，不用登錄
join183club (183club),lavendersea,: 富邦自己的op卡就5%了 搭數位帳戶還有5.5%
join183club (183club),hatedog5566,: 直營用橘子就好了
join183club (183club),berserkman,: 誠意不足意圖讓人遺忘，不愧是獲利王
join183club (183club),ji3g4go6,: 要登錄留給需要的人了，麻煩死了！
join183club (183club),BMW666,: 懶惰就懶惰，還在誠意不足，乾脆直接送你錢好了
join183club (183club),MilkTeaMan,: 對喔 我都刷不用登錄的
join183club (183club),berserkman,: 這種登錄條件不就是變相讓用戶忘記，讓勤勞的死忠
join183club (183club),berserkman,: 支持者刷就好，我刷不用登錄的就好
join183club (183club),ackes,: 5%還要登錄  是幹嘛==
join183club (183club),pchome0503,: 我就覺得奇怪 為什麼登錄時間這麼晚...很容易忘耶..
join183club (183club),CCNCCN,: 一定忘，就算記得沒搶到一樣沒用
join183club (183club),western,: 還沒看到富邦的登錄活動
join183club (183club),Sweet83921,: 廢到笑....
join183club (183club),barryliou01,: 這個登錄一次這個登錄一次，代表1～3月份的檔期嗎
join183club (183club),barryliou01,: ？是否要刷實體卡
join183club (183club),fastfu,: 富邦op卡直接5%不囉嗦
join183club (183club),luciferhsu,: 先刷後登錄還只有5% 不優
join183club (183club),Mrazs,: 這種除了有好心版友發文提醒不然真的必忘
join183club (183club),reifind,: 糞J
join183club (183club),ppiod,: 用Sport 卡不是直接感應就有 8%嗎..
join183club (183club),bagaalo,: 無言
join183club (183club),FloretHao,: 感謝這個網站 發現有55688刷J卡悠遊卡另回饋10% 每
join183club (183club),FloretHao,: 月30 可combo jcb 前幾年網頁資訊藏很深
join183club (183club),FloretHao,: http://i.imgur.com/Px3RfPw.jpg
join183club (183club),FloretHao,: 每月上限只有30坐300元 大概1-2趟
join183club (183club),wanubz9v,: 感謝樓上 發現肯德基有牛肉耶 自加10％再加碼10％
join183club (183club),wanubz9v,: 扣款 有20％
join183club (183club),KarlMarx,: 5%還要登錄，廢到笑。
join183club (183club),Kazamatsuri,: 以前是摩斯 後來變大創 今年變成肯德基
join183club (183club),Kazamatsuri,: 固定三個10%好像只有55688不變 日藥我不確定有沒有
join183club (183club),Kazamatsuri,: 改過？ XD
join183club (183club),Kazamatsuri,: 這三個10%沒有藏一直是在基本回饋裡 只是加碼活動太
join183club (183club),Kazamatsuri,: 多把他們擠到很下面那樣啦～ :P
join183club (183club),Kazamatsuri,: 雖然每月上限30封頂300看起來很低的樣子 但別忘記那
join183club (183club),Kazamatsuri,: 是每「卡」的上限 而J沒有限制每人只能辦一張啊 XD
join183club (183club),BlueJet0501,: 這個好像一季回饋最高200元，不是每個月最高200元
join183club (183club),BlueJet0501,:
join183club (183club),FloretHao,: 去年我到年末拿到回饋才發現活動有延續 當時查記得
join183club (183club),FloretHao,: 是在車隊官網看到的 今天查在原本j卡頁面是沒有 要
join183club (183club),FloretHao,: 這個專屬頁面才找的到...
join183club (183club),FloretHao,: 很多人都有6張J卡吧XDD
join183club (183club),Kazamatsuri,: J/JU原卡官網一直都有 沒看到是拉不夠下面.....
join183club (183club),Kazamatsuri,: 「最高3%回饋無上限」那個段落裡 一直都在
join183club (183club),Kazamatsuri,: https://i.imgur.com/TfpzbYY.png 下半部就是了
join183club (183club),okucts,: J卡已經習慣事後有限制名額登錄，而非事前登錄，然
join183club (183club),okucts,: 後再打著日韓5%加油5%，這張就留給有緣人去用吧！我
join183club (183club),okucts,: 正等著2月最後回饋點數回來剪掉這張與我無緣的卡
join183club (183club),FloretHao,: 原來在產品特色裡 手機看沒注意到 謝謝K大
join183club (183club),alloc,: 時候登錄的一律不考慮...沒搶到或忘記=0回饋
join183club (183club),alloc,: 事後
join183club (183club),dreamsletter,: 你用OP不就好了
join183club (183club),pippen2002,: 啥?要登錄！　該死獲利王！
join183club (183club),reifind,: 不只是要登錄 而且是事後限量登錄 搶不到忘記等於0
join183club (183club),leo01218,: 事後登錄..，還不如去用cube還比較省事
bluestack (hi),kkkk1234,: 這兩萬點花下去至少損失400元刷卡回饋欸 怎麼可能
bluestack (hi),kkkk1234,: 差不多 https://i.imgur.com/hsdAi1R.jpg
bluestack (hi),teofil,: 剪了喇 台新廢狗低消5000都可以5%了
bluestack (hi),bluestack,": XDDD 雖然我也是辦了吉鶴, 因為實體2%還是好用..."
bluestack (hi),catuncle1,: 台北富邦一個人只能有一個帳戶，如果已經有實體帳戶
bluestack (hi),catuncle1,: 就不能再辦數位帳戶
bluestack (hi),kkkk1234,: 2%有永豐大戶、55688
bluestack (hi),h00009t,": 線上可申請剪卡算方便, 富邦讚!"
bluestack (hi),Kazamatsuri,: 沒有喔 我富邦有兩個一本萬利 後來加辦數位也成功
bluestack (hi),cokelon,: 5000以內twmp都多2%，連元大鑽金都能變3.2%
bluestack (hi),kkkk1234,: 之前銀行版的討論是數帳一生一個 轉實體就沒了
bluestack (hi),kkkk1234,: @cokelon 新光：
bluestack (hi),TZUYIC,: 台北富邦銀行，一個人可以有N個臨櫃開戶的帳戶，但
bluestack (hi),TZUYIC,: 只能有唯一一個數位存款帳戶，數位存款帳戶轉成實體
bluestack (hi),TZUYIC,: 帳戶之後，就不能再開數位帳戶。
bluestack (hi),bluestack,: 那這樣子用實體帳戶扣款的 不知道有沒有0.7%
bluestack (hi),bluestack,: 假如沒有的話....還真的是....
bluestack (hi),TZUYIC,: 可以先有臨櫃開的實體帳戶，之後再加開數位帳戶。
bluestack (hi),ms0344303,: 0.02%最好賴點還有優勢
bluestack (hi),kkkk1234,: 「需綁定本行數位帳戶自扣本行信用卡款」
bluestack (hi),ackes,: lp不能轉賣現金  終究實際價值和現金有差
bluestack (hi),TZUYIC,: 之前在銀行板就再三奉勸大家不要數位轉實體，你要實
bluestack (hi),TZUYIC,: 體就加開實體帳戶，讓數位帳戶保持數位帳戶的狀態，
bluestack (hi),TZUYIC,: 你看，當你轉成實體之後，就沒機會參加綁數位自扣的
bluestack (hi),TZUYIC,: 活動了。
bluestack (hi),Kazamatsuri,: 中文很難嗎？就寫了要用「數位帳戶」自扣才有+0.7%
bluestack (hi),Kazamatsuri,: 然後還沒辦富邦數位帳戶的先等等 看明天或下禮拜有
bluestack (hi),Kazamatsuri,: 沒有新的數帳權益出來 不然現在辦的都是沒有高利的
bluestack (hi),Kazamatsuri,: 數位「風味」帳戶 XD
bluestack (hi),catuncle1,: 原來是T大說的理由，因為我之前有實體帳戶，辦數位
bluestack (hi),catuncle1,: 就被拒絕，要臨櫃結清帳戶三天後才能再辦
bluestack (hi),kkkk1234,: 原來不會誤一生喔XD
bluestack (hi),TZUYIC,: 銀行板很多人都是先有實體帳戶，再加開數位帳戶，包
bluestack (hi),TZUYIC,: 含我也是，加開數位帳戶都有核准耶，現在政策有改嗎
bluestack (hi),TZUYIC,: 現在是有實體就不給加開數位嗎？
bluestack (hi),okucts,: 富邦這一波操作果然成功了，看大家搶辦數位帳戶的樣
bluestack (hi),okucts,: 子，信用卡部的主管現在應該夢    一直笑吧
bluestack (hi),a12375111,: 啥？我本來就有富邦實體帳戶，上個月加辦數位帳戶一
bluestack (hi),a12375111,: 下就審核通過了啊
bluestack (hi),kkkk1234,: 好市多卡搭數位帳戶的話更好衝吧 好市多就只能刷那
bluestack (hi),kkkk1234,: 張 沒有其他替代方案 開戶設自扣就能拿到更多回饋
bluestack (hi),kkkk1234,: 應該會有不少人搶著開戶
bluestack (hi),linuk1288,: 有富邦實體帳戶 前天線上開戶 昨天就通過了 挺迅速
bluestack (hi),linuk1288,: 的
bluestack (hi),okucts,: 看來富邦這波操作成功，好市多卡一定也會如法炮製的
bluestack (hi),okucts,: ，例如原本回饋1 ％，數位帳戶加碼1 ％
bluestack (hi),starchiang,: 原來富邦數位帳戶只能有一個喔
bluestack (hi),okucts,: 目前我不會為了和吉鶴差0.2 ％而去辦數位帳戶，但是
bluestack (hi),okucts,: 如果好市多卡也這樣做，我也可能變節了
bluestack (hi),huan33,: Apply Pay是什麼
bluestack (hi),fir8077616,: 一萬才差20真的欠剪 謝謝你的計算
bluestack (hi),yasanju,: 好市多只是過路財神賺再多都是幫別人賺，也可能比
bluestack (hi),yasanju,: 照舊規只能刷好市多聯名卡，你沒得選要刷卡就要辦
bluestack (hi),yasanju,: 那何必給優惠，反正國泰都幫富邦造好市了等著200多
bluestack (hi),yasanju,: 萬户自己來辦就好，好市多業績太好還會打到親生子m
bluestack (hi),yasanju,: omo購物，那不如把資源都給親生子，比起好市多momo
bluestack (hi),yasanju,: 好富邦就好。
bluestack (hi),yasanju,: momo卡好像沒有綁本行數帳額外優惠，如果真發行好
bluestack (hi),yasanju,: 市多卡還給太多優惠反而會影響到momo網購業績。
bluestack (hi),beryl098,: 請問linepay用兆豐BT21不推嗎？不是5%回饋？
bluestack (hi),shieldsky,: 謝謝T網友在13樓和22樓的分享，不過看大家回覆感覺
bluestack (hi),shieldsky,: 有實體帳戶後，能不能但數位帳戶好像也是挺謎的
bluestack (hi),shieldsky,: 更正：辦
bluestack (hi),BigQs,: 才多0.02根本無感
bluestack (hi),snow30288,: 那時候辦房貸，櫃員完全沒解釋就把我的數位轉實體
bluestack (hi),snow30288,: ，害我現在不能辦Orz
bluestack (hi),snow30288,: J卡已死，前天立馬去開大戶，一天就過了
bluestack (hi),highken,: 多0.2%真的還好，1萬也才差20點
bluestack (hi),eluck,: 上一篇有人說問客服數位轉實體還是有2.2%的
bluestack (hi),tndh,: 數位轉一般 客服回電說還是有符合，但目前官網沒看
bluestack (hi),tndh,: 到資料就是了
bluestack (hi),born,: 代碼AWAC數帳無法開戶…慘T_T
bluestack (hi),debian99,: 數位帳戶不錯呀！我還順便辦了證券戶
bluestack (hi),Sciarra,: 還要申辦數位帳戶 還是考慮剪卡好了
bluestack (hi),owlwang0719,: 2.2-2=0.02？
bluestack (hi),tornado1621,: 先回去讀好數學
bluestack (hi),natukage,: 砍權益還要加條件還有人護航，那原本的不就超佛
bluestack (hi),dgan,: 原本實體帳戶(薪轉戶)自動扣款穩穩的，多了數位帳
bluestack (hi),dgan,: 戶變成要改扣款帳戶，每個月也要轉帳。
bluestack (hi),dgan,: 但如果Costco卡也是這種操作，只能吞了？！
bluestack (hi),adort,: 不知道一個銀行開兩個帳戶有什麼好處
bluestack (hi),AQUESTIONA,: 看完才知自扣要用數帳 昨天我都設好實體帳自扣了or
bluestack (hi),AQUESTIONA,: z
bluestack (hi),CCNCCN,: 同78樓
bluestack (hi),j0918jack,: 富邦寧願ya佩也不願付防疫保單了對吧
bluestack (hi),yellowocean,: 銀行要衝開戶數才綁這種，0.02基本上就是放棄
bluestack (hi),rz759,: 多0.02...還是算了吧，完全無感
bluestack (hi),rz759,: 而且Line point怎麼會等於現金回饋，問號-_-
bluestack (hi),faelone,: line point能使用的地方太多了，基本等同現金
bluestack (hi),ms0344303,: 你的基本不是別人的基本
bluestack (hi),dgan,: Line point只能拿來扣，現金拿來刷卡繼續賺回饋
bluestack (hi),dgan,: 但我還是不爭氣的來開戶，Costco應該會走一樣的路子
bluestack (hi),dgan,: ，避不開了。
bluestack (hi),gn01140216,: 你多弄一個數位帳戶，那聯邦吉鶴新申辦new new ban
bluestack (hi),gn01140216,: k還再多2%勒
bluestack (hi),rainsilver,: 情境不同不能比啦
bluestack (hi),rainsilver,: 本來就有J卡和賴點 而NNB帳戶也開過了
bluestack (hi),rainsilver,: 像這樣我就不會想辦吉鶴 寧願直接加辦富邦數帳
bluestack (hi),rainsilver,: 各家信用卡都是各家自己扣款 因為也是各種活動和免
bluestack (hi),rainsilver,: 年費 所以轉帳是還好
bluestack (hi),rainsilver,: 那有人是覺得管理麻煩全部同家銀行扣的 那就不ok了
bluestack (hi),bagaalo,: 你認真？狗狗都比這張好用，遠東是還沒公佈，不然
bluestack (hi),bagaalo,: 今年也是5%賴配
bluestack (hi),bagaalo,: 如果吉鶴賴配也能優惠，那J卡真的是可以剪卡了
bluestack (hi),kobe741107,: 遠東公布啦
bluestack (hi),vicet,: 熊卡綁linepay還有3趴！去了解一下吧
bluestack (hi),rz759,: https://i.imgur.com/5HY2vx2.jpg
bluestack (hi),rz759,: 沒在用momo跟台哥大，富邦J卡沒了就有緣再往來QQ
bluestack (hi),mayasky,: 我也有兩個富邦帳戶，數位昨天過的
bluestack (hi),ggman2,: 點數跟現金幾乎一樣？ 卡版能有這種邏輯的文太神啦
bluestack (hi),pippen2002,: 還好我常去的雙幣卡都賺!
bluestack (hi),rabbit6642,: 點數折的那筆就沒回饋了 而且不能存銀行生利息  現
bluestack (hi),rabbit6642,: 金回饋還是強的多 運用更方便
bluestack (hi),pippen2002,: 熊卡綁linepay還有3趴！??上限呢?
bluestack (hi),gn01272256,: 數位帳號是要用那個啊
bluestack (hi),JustSa,: 前幾個月為了跨轉手續費多辦一個數位帳戶也是當天通
bluestack (hi),JustSa,: 過
bluestack (hi),nespresso,: 變更還要所有卡一起換…麻煩
bluestack (hi),wildsky,: 看起來還不如用大戶卡，大戶額外加碼還比較多
Subscript9 (小火車過客),joy2105feh,: 獲利王
Subscript9 (小火車過客),TWeng,: 怒噓
Subscript9 (小火車過客),andy87115,: 國內一般消費  綁LP本來3%變成2.2%了
Subscript9 (小火車過客),chu,: QQ 2%無腦卡不見了
Subscript9 (小火車過客),daemon1516,: 好低…
Subscript9 (小火車過客),blackboy0901,: 剪卡了
Subscript9 (小火車過客),louistop,: 所以直接刷卡從2%變2.2%？是這樣對吧？
Subscript9 (小火車過客),rockmt,: 樓上，錯
Subscript9 (小火車過客),outspoken123,: 該冰了
Subscript9 (小火車過客),alloc,: 我宣布大縮水時代來了
Subscript9 (小火車過客),handsome16,: 拿來養尊御卡，還行
Subscript9 (小火車過客),hrcdf1125,: 刷聯邦好了...
Subscript9 (小火車過客),louistop,: 錯在哪？請幫忙解惑一下，開戶自扣都小事
Subscript9 (小火車過客),alloc,: 還要辦帳戶自扣…
Subscript9 (小火車過客),soy5566,: 這直接刷卡不是2.2嗎
Subscript9 (小火車過客),louistop,: 養尊御卡
Subscript9 (小火車過客),louistop,: 的話，就繼續用這張2.2%，自扣小事
Subscript9 (小火車過客),tyehuang,: 日本5%還行啦 出國再拿出來刷
Subscript9 (小火車過客),rockmt,: 喔是啦，如果你不以最高回饋來看，是從2%變2.2%
Subscript9 (小火車過客),rz759,: errrr繼續冰，回饋Line point還這麼少
Subscript9 (小火車過客),louistop,: LINE PAY很多地方有其他解法
Subscript9 (小火車過客),highken,: 差0.2%，那直接刷賴點卡就好了
Subscript9 (小火車過客),ackes,: 廢了  不能換現金的點數價值實際不如現金
Subscript9 (小火車過客),GLNB2RJ8,: 垃圾卡
Subscript9 (小火車過客),blue2999,: 該剪卡了
Subscript9 (小火車過客),a9075a9075,: 請問國外的加碼登錄是不是還沒開始？
Subscript9 (小火車過客),baby850811,: 所以要加辦數位帳戶還要自動扣款 才有2.2%嗎？
Subscript9 (小火車過客),wadadihaga,: 好險有聯邦吉鶴卡
Subscript9 (小火車過客),pl726,: PASMO也參戰了耶
Subscript9 (小火車過客),ponbug,: j卡消費新年度還可以養尊御嗎？
Subscript9 (小火車過客),ktan,: 現在變有沒line pay都一樣？
Subscript9 (小火車過客),imanda0324,: ？還要綁數位帳戶，綁一般不行嗎
Subscript9 (小火車過客),KKSlider,: 還要自扣就算了
Subscript9 (小火車過客),ryanlei,: 國內變2.2%，日韓變5%不錯啊，只差在LINE PAY變差
Subscript9 (小火車過客),DuskStan,: 花旗 無腦刷 還給我吸塵器
Subscript9 (小火車過客),nothing7755,: 日韓5%在哪登錄?網站沒看到
Subscript9 (小火車過客),soy5566,: 要自扣就很麻煩 還要多開戶 還好國外不用
Subscript9 (小火車過客),iagb,: 還要數位帳戶？我就有綁一般帳戶了還要另外開？
Subscript9 (小火車過客),thindust,: 這一天還是來了 雖然linepay j現在都是別家用完的備
Subscript9 (小火車過客),thindust,: 案
Subscript9 (小火車過客),yu830913,: 限定要數位帳戶也太搞笑...一般帳戶不行?
Subscript9 (小火車過客),itismimi,: 還要弄數位帳戶……
Subscript9 (小火車過客),itismimi,: 富邦是錢都給好市多了嗎？
Subscript9 (小火車過客),soy5566,: 求救 有哪家一般刷卡簡單有2%以上的嗎？
Subscript9 (小火車過客),Go2,: 聯邦阿
Subscript9 (小火車過客),orange21,: 目前確定2%有花旗跟聯邦  最簡單就聯邦
Subscript9 (小火車過客),kissu5566,: 選聯邦夕鶴無腦多了
Subscript9 (小火車過客),terry955048,: QQ....虧我對J卡這麼有期待...
Subscript9 (小火車過客),soy5566,: 這樣國外3%也是降 慘
Subscript9 (小火車過客),hellosan,: 大戶還有國內無腦2%嗎？
Subscript9 (小火車過客),capacitor,: 要注意：日韓每季回饋上限$500/戶
Subscript9 (小火車過客),mtyk10100,: 還限定數位帳戶
Subscript9 (小火車過客),hellosan,: 如果是養遵御卡 勉強接受
Subscript9 (小火車過客),hellosan,: 不給養就雙剪卡
Subscript9 (小火車過客),Go2,: 大戶2%有上限 你不如用55688
Subscript9 (小火車過客),marchcharlie,: 看來跟J卡的緣分就到今年了
Subscript9 (小火車過客),Phineas2635,: 獲利王不意外
Subscript9 (小火車過客),Phineas2635,: 防疫險輸不起拿信用卡權益開刀
Subscript9 (小火車過客),alloc,: 大戶每月上限6萬
Subscript9 (小火車過客),puni52041,: 還好沒辦…
Subscript9 (小火車過客),F12,: 好鳥
Subscript9 (小火車過客),adort,: 現在臨櫃現在都問要不要開數位帳戶 一家開兩個戶頭
Subscript9 (小火車過客),adort,: 要幹嘛
Subscript9 (小火車過客),winxp999,: 越來越爛…..
Subscript9 (小火車過客),chen012061,: 自扣聽說也要23年新戶才有喔，群組聽到的，可能需
Subscript9 (小火車過客),chen012061,: 要在確認舊戶有沒有
Subscript9 (小火車過客),smallblack,: J卡越來越爛了
Subscript9 (小火車過客),ludashi,: 這張卡早就沒用很久了，都轉戰聯邦line卡無腦
Subscript9 (小火車過客),ptt8592,: 扯 強迫開戶
Subscript9 (小火車過客),tornado1621,: 聯邦吉鶴才是王道
Subscript9 (小火車過客),ginlom,: Line Pay常駐卡要易主了~
Subscript9 (小火車過客),light1d,: 有排除保費嗎？
Subscript9 (小火車過客),Ken52039,: 日本有兩種手機感應交通卡，台灣還沒有半張，可憐啊
Subscript9 (小火車過客),jerry0420yc,: 希望數位生活卡持平
Subscript9 (小火車過客),orange21,: 樓上??? 三星PAY悠遊卡不是??? 阿對 人家是整張的
Subscript9 (小火車過客),repast,: 可以剪了
Subscript9 (小火車過客),roothsu,: 夕鶴笑而不語
Subscript9 (小火車過客),thindust,: 不過line禮物提高到25%了耶 沒自扣是24.5
Subscript9 (小火車過客),morumoby,: 請問1月去日本，是不是就沒5%了？
Subscript9 (小火車過客),j0918jack,: 可憐，垃圾卡，還好沒辦
Subscript9 (小火車過客),fastfu,: 冰起來
Subscript9 (小火車過客),passenger10,: 有點不懂 原本3 現在要辦數帳才2.2這樣理解對嗎
Subscript9 (小火車過客),xu3,: 今年COSTCO被迫換富邦  原本想說加辦J卡  但是爛了
Subscript9 (小火車過客),passenger10,: 如果日本刷也是數帳才有5%？
Subscript9 (小火車過客),siopp,: line pay已死
Subscript9 (小火車過客),flypenguin,: 這 2.2% 是拆開給的 1+0.5+0.7，不一定比吉鶴 2% 高
Subscript9 (小火車過客),Jimimy,: LINE PAY改用熊卡好了 到2月還是3%
Subscript9 (小火車過客),Ken52039,: LINE PAY有10%不用嗎
Subscript9 (小火車過客),access,: 3%和10%是哪家？
Subscript9 (小火車過客),q2520q,: 傻眼，等等準備來電話剪卡
Subscript9 (小火車過客),xu3,: 還要數位戶自扣  很久以前的V banking算數位戶嗎?
Subscript9 (小火車過客),xu3,: 好懶得再辦新帳戶
Subscript9 (小火車過客),flypenguin,: 不算，VBANKING 是無褶臨櫃戶。
Subscript9 (小火車過客),flypenguin,: 數位帳戶開戶數要交作業，各行都找誘餌吸引客戶加開
Subscript9 (小火車過客),lazuritechen,: 跌落神壇
Subscript9 (小火車過客),THEARK,: 沒富邦數位....
Subscript9 (小火車過客),same01216,: 為啥要強迫綁數位帳戶 哭啊
Subscript9 (小火車過客),gausong,: 謝謝，再見
Subscript9 (小火車過客),gausong,: 我用大戶就2％了，6萬才封頂
Subscript9 (小火車過客),mimanchi,: 爛
Subscript9 (小火車過客),dahonehsueh,: 海外加碼只有2000名，也太沒誠意了
Subscript9 (小火車過客),ortaffa,: 掰惹
Subscript9 (小火車過客),bagaalo,: 0.7%需要數位帳戶，總共2.2%也是沒多吸引人
Subscript9 (小火車過客),bagaalo,: 慘
Subscript9 (小火車過客),kkkandy,: 本來要看明年權益決定辦不辦，剛好省下我辦卡的時間
Subscript9 (小火車過客),western,: 如果非Linepay也是2.2%也是堪用
Subscript9 (小火車過客),smallta,: 明天來剪卡QQ
Subscript9 (小火車過客),boa711211,: 聯邦也非無腦2%，是1.5%+綁數位帳戶NNB才有2%
Subscript9 (小火車過客),ludashi,: 慘，要幫媽媽換辦別家的卡了
Subscript9 (小火車過客),oak2002,: 多一個pasmo
Subscript9 (小火車過客),ryankofish,: 夕鶴國內2%還不用開戶
Subscript9 (小火車過客),Anadyomene,: 手邊現有的卡就是中信LP跟富邦J，只能無奈加辦帳戶
Subscript9 (小火車過客),doubter,: 一定要綁富邦數位帳戶才有加碼喔 冷凍了
Subscript9 (小火車過客),Ken52039,: 上網點一點就有帳戶了，何樂而不為
Subscript9 (小火車過客),soy5566,: 多一個帳戶就還要手動放錢進去QQ
Subscript9 (小火車過客),ALBERTLEO,: 聯邦吉鶴2%無腦現金回饋 2023神卡候選人
Subscript9 (小火車過客),flypenguin,: 現在一堆銀行都搞自扣加碼，每月對帳時順手轉就好
Subscript9 (小火車過客),flypenguin,: 數位帳戶我也都只開最低權限，只拿來扣款。
Subscript9 (小火車過客),Matchaport,: 冰起來
Subscript9 (小火車過客),b441633,: 請問suica和日幣加碼登錄時間是幾點呢？文章裡只有
Subscript9 (小火車過客),b441633,: 寫日期，但官網也找不到相關資訊QQ
Subscript9 (小火車過客),letyoufree,: 剩下搶登錄JCB悠遊10%的功能，可憐
Subscript9 (小火車過客),iixxz,: 只剩下日本有搞頭了..
Subscript9 (小火車過客),s910612,: 一堆懶人要剪卡就快去剪一剪啦 屁話一堆
Subscript9 (小火車過客),okbom,: 之前綁數位帳戶是多0.5%  現在變0.7%
Subscript9 (小火車過客),okbom,": 問題是有一本萬利帳戶, 所以申請數位帳戶不給我過"
Subscript9 (小火車過客),highken,: 要剪就快剪
Subscript9 (小火車過客),Kazamatsuri,: 有實體帳戶一樣可以辦數位帳戶 只是獲利王很看聯徵
Subscript9 (小火車過客),Kazamatsuri,: 次數啦～
Subscript9 (小火車過客),darkkai,: 防疫險摳成那樣，連卡片回饋都縮水，嘖嘖
Subscript9 (小火車過客),mimic13,: 數位帳戶不吸引人沒人辦 卡片回饋砍掉還綁定不吸引
Subscript9 (小火車過客),mimic13,: 人的數位帳戶 不愧是獲利王
Subscript9 (小火車過客),ishtar100,: 最近很多人去日本 日幣匯率又低 刷這張5%很可以啦
Subscript9 (小火車過客),apps9661509,: 可以少辦一張卡，謝囉^^
Subscript9 (小火車過客),pippen2002,: 哦? 可是我現金價差已經達6.5%....還不用手續費?
Subscript9 (小火車過客),pippen2002,: 還要辦帳戶自扣?我忘記了...XD
Subscript9 (小火車過客),pippen2002,: 虧我對它這麼支持!!僅僅這個月啦! XD
Subscript9 (小火車過客),rainsilver,: 這是加碼吧 很不錯欸
Subscript9 (小火車過客),pippen2002,: 限量2000戶(上限呢? 不會是??)
Subscript9 (小火車過客),pippen2002,: 有一本萬利帳戶?我也有...QQ
Subscript9 (小火車過客),rainsilver,: 不用綁linepay 辦個帳戶就無腦2.2%無上限
Subscript9 (小火車過客),naker,: 爛透了 冷藏
Subscript9 (小火車過客),NaMgAl,": 真的, 辦數位帳戶, 不如開line bank"
Subscript9 (小火車過客),mack860120,: 廢掉了….
Subscript9 (小火車過客),Jasai,: 所以現在linepay只剩熊卡比較好是3%到二月底？
Subscript9 (小火車過客),soy5566,: 登陸的活動 5%高機率只是場空
Subscript9 (小火車過客),ccdg,: 綁一般存款帳戶自動扣繳不行？
Subscript9 (小火車過客),ackes,: ubear上限太低了
Subscript9 (小火車過客),ackes,: 然後將來還沒公佈
Subscript9 (小火車過客),ackes,: 不然目前將將卡也有無腦5%不用低消   但是上限也是
Subscript9 (小火車過客),ackes,: 低 明年不知道會不會砍= =
Subscript9 (小火車過客),Kazamatsuri,: 括弧內就寫明要綁數位帳戶才有加碼了....
Subscript9 (小火車過客),WORLDKING56,: 2.2無腦刷可以啦
Subscript9 (小火車過客),Jasai,: 只要是神卡銀行都想砍
Subscript9 (小火車過客),xx33208887,: 還好我等到現在
Subscript9 (小火車過客),benedict76,: 剩1.5%，數位帳戶有什麼優點啊！
Subscript9 (小火車過客),KoTK,: 5%比起之前3.88%還算不錯，雖然要登錄 期望伺服器
Subscript9 (小火車過客),KoTK,:  別爆炸呀~~
Subscript9 (小火車過客),kimja,: 國外5%不用綁數帳 還好
Subscript9 (小火車過客),okbom,: 沒有數位帳戶就1.5%
Subscript9 (小火車過客),CCNCCN,: 又要開帳戶，煩不煩啊
Subscript9 (小火車過客),lionboy530,: 快逃到聯邦
Subscript9 (小火車過客),mayasky,: 數位帳戶？那本來就有的帳戶呢
Subscript9 (小火車過客),okucts,: 日本刷卡5%還要跟別人搶名額登錄 感覺有很大機會
Subscript9 (小火車過客),okucts,: 搶不到 如果搶不到就剩下3%了 吉鶴卡還有保底3.5%
Subscript9 (小火車過客),nyyatl,: 小氣死了，沒品獲利王，準備棄用
Subscript9 (小火車過客),geraldlim,: 外籍人士又不能辦數位帳戶，剩下1.5了...
Subscript9 (小火車過客),bring777,: 還要繼續辦帳戶
Subscript9 (小火車過客),starchiang,: 數位帳戶要新戶嗎？不可能吧
Subscript9 (小火車過客),s5092141231,: 慘，2.2還要加綁數位帳戶，有夠麻煩
Subscript9 (小火車過客),Kazamatsuri,: 數位帳戶沒寫限新戶 就是舊戶也可以
Subscript9 (小火車過客),yasefeng,: 不想辦太多帳戶 明年掰了 先熊卡和花旗擋著用
Subscript9 (小火車過客),pooty,: 神卡已死，有事請燒紙
Subscript9 (小火車過客),angelfire,: 要變廢卡了 剩日本消費能用
Subscript9 (小火車過客),nyyatl,: line pay還有兆豐BT21 新戶12個月內都5%
Subscript9 (小火車過客),hototogisu,: 注意事項寫:加碼回饋以自扣申請成功當月(依本行核准
Subscript9 (小火車過客),hototogisu,: 時間為準)開始計算      語意不清楚?舊戶?
Subscript9 (小火車過客),yeh0416,: 坐等萬能板友牌組文
Subscript9 (小火車過客),aspeter,: 2.2%應該開始能算低回饋了 跟一堆2%差不多
Subscript9 (小火車過客),kkkk1234,: LP PChome加碼的時候沒卡刷了QQ
Subscript9 (小火車過客),FMANT,: 一片推文，還以為改得更好
Subscript9 (小火車過客),orthohan,: 改辦吉鶴囉 卡片還漂亮很多 我曾經的神卡再見了
Subscript9 (小火車過客),qqstory,: 可以剪卡了
Subscript9 (小火車過客),shuhong,": 還不錯啊，無腦刷2.2%提高2%,line pay要找其他家了"
Subscript9 (小火車過客),shuhong,: 。
Subscript9 (小火車過客),Audien,: line pay推哪間 QQ
Subscript9 (小火車過客),livewater,: 明年line pay要綁哪張? 誰來推薦一下
Subscript9 (小火車過客),a22530722,: 想知道LINE PAY哪張卡比較好+1
Subscript9 (小火車過客),NicoNeco,: 完了玩了八比Q了
Subscript9 (小火車過客),limitup,: 沒辦數位變廢卡 賴點卡後來居上
Subscript9 (小火車過客),kevin850717,: 沒數帳剩1.5% linepay也沒了 可以剪卡了吧
Subscript9 (小火車過客),itforgo,: 轉成花旗無腦2%，很擔心接下來花旗
Subscript9 (小火車過客),itforgo,: 也縮水QQ
Subscript9 (小火車過客),OrzxzrO,: 換聯邦賴點卡，吉鶴
Subscript9 (小火車過客),andytimmons,: 花旗網頁好像已經是2%到2023年底了
Subscript9 (小火車過客),CHUKA,: 抱歉想請問一下，如果沒有搶到日韓海外登錄名額，
Subscript9 (小火車過客),CHUKA,: 這樣日韓旅遊刷卡就一樣是只有3.88%嗎？
Subscript9 (小火車過客),pl726,: 明年沒搶到是3%
Subscript9 (小火車過客),kiwiwoo,: 剛好2月底要去日本，15000名應該蠻好登的！
Subscript9 (小火車過客),james7923,: 爛透了 也不想辦他們的數位帳戶 這種回饋%數我寧可
Subscript9 (小火車過客),james7923,: 用其他現金回饋的卡
Subscript9 (小火車過客),mmeow,: 富邦數位帳戶不是有5萬2%嗎? 被嫌成這樣 @@?
Subscript9 (小火車過客),flypenguin,: 不用太在意，反正有改就一定有人嫌。
Subscript9 (小火車過客),Kazamatsuri,: 5萬2%目前只到月底 還沒公告是否延續
Subscript9 (小火車過客),hungtsun,: 看來要變備用中的備用卡了
Subscript9 (小火車過客),riyou,: 去韓國應該還是推薦這張嗎
Subscript9 (小火車過客),DRSP0723,: linepay改成bt21感覺好像不錯，雖然有限額，不過2.
Subscript9 (小火車過客),DRSP0723,: 5or5%無腦也夠多了
Subscript9 (小火車過客),wanubz9v,: bt21網頁上還沒有112年的吧
Subscript9 (小火車過客),DRSP0723,: 樓上google就一堆新聞稿了
Subscript9 (小火車過客),jimhall,: 不只要富邦帳戶 還要是數位帳戶 沒有的要去開戶
Subscript9 (小火車過客),itforgo,: 請問bt21是什麼？
Subscript9 (小火車過客),jimhall,: 這樣大戶2%還是現金比較實用吧 多那0.2%要刷百萬以
Subscript9 (小火車過客),jimhall,: 上才有感吧
Subscript9 (小火車過客),hankQuQ,: 富邦養爛球隊+搶到好市多卡
Subscript9 (小火車過客),hankQuQ,: J卡權益就跟屎一樣
Subscript9 (小火車過客),dknymaster,: 綁帳戶真的超爛
Subscript9 (小火車過客),Sciarra,: 沒自扣剩1.5% 看來可以找別張看看了
Subscript9 (小火車過客),Usamiakihiko,: 該換了
Subscript9 (小火車過客),theophaneia,: 才剛辦這張來替代渣打現金回饋卡，即使縮水我也覺
Subscript9 (小火車過客),theophaneia,: 得還行，至少富邦額度直接給60萬（渣打11萬）
Subscript9 (小火車過客),Sallina,: 拿來當純悠遊卡登JCB 10%
Subscript9 (小火車過客),tndh,: 一本萬利可以嗎
Subscript9 (小火車過客),monkeywife,: 一銀的星璨卡至少還有2%
Subscript9 (小火車過客),rmeng,": 一本萬利就是一般帳戶吧, 連V banking都不算了"
Subscript9 (小火車過客),shuhong,": sny 10%刷3000到頂，還要低消100,只能期待bt21的新"
Subscript9 (小火車過客),shuhong,: 年度。
Subscript9 (小火車過客),scats,: 2023年1月開始活動，3月26日16:00登錄？？官網找不
Subscript9 (小火車過客),scats,: 到相關資料><
Subscript9 (小火車過客),ixdezalex,: 縮水就剪，銀行才會推新卡新優惠來搶客
Subscript9 (小火車過客),hellomo,: 立馬變廢卡XDDDDDDDDDDDDDDDDDDDDD
Subscript9 (小火車過客),DRSP0723,: 兆豐bt21 https://reurl.cc/06egKY
Subscript9 (小火車過客),DRSP0723,: 沒理解錯誤，新戶6k 5%/6k-13k 3.5%
Subscript9 (小火車過客),wailman,: 感謝陪我兩年
Subscript9 (小火車過客),Merman19,: 乾，我才剛辦就這樣，氣死
Subscript9 (小火車過客),chris95137,: 變垃圾了，還要辦自扣帳單！
Subscript9 (小火車過客),Go2,: 網銀是不是不能改 富邦卡自扣啊
Subscript9 (小火車過客),joey123xd,: 有沒有20萬以上大戶的卡QQ
Subscript9 (小火車過客),flypenguin,: 這富邦蠢到爆炸，本來是他行扣繳的，一定要走紙本
Subscript9 (小火車過客),flypenguin,: 然後數位帳戶沒印鑑，所以要終止後自己再用網銀設
Subscript9 (小火車過客),Kazamatsuri,: 大額一般消費的目前就2%的永豐55688到3/31跟聯邦吉
Subscript9 (小火車過客),Kazamatsuri,: 鶴到6/30啊 科科
Subscript9 (小火車過客),Kazamatsuri,: 要LINE點的話就一路到年底的聯邦賴點1.5%+0.5%
Subscript9 (小火車過客),linda1217,: 繼續拿來用橘子繳健保費好像還行
Subscript9 (小火車過客),Kazamatsuri,: 橘支只能繳到2月底 3/1後只能帳戶繳了
Subscript9 (小火車過客),Go2,: 我想到flypenguin在說啥了 一銀ileo也是這樣
Subscript9 (小火車過客),Go2,: 沒辦法無痛轉過去 因為他們數帳都沒辦法綁印鑑
Subscript9 (小火車過客),Go2,: 但為啥聯邦就可以用NEWNEW設定 J卡看來要先棄坑了
Subscript9 (小火車過客),nyyatl,: 網銀好像只有原本富邦實體帳戶扣繳改成數帳扣繳可以
Subscript9 (小火車過客),DFIGHT,: 冷藏吧 還要開戶 煩
Subscript9 (小火車過客),DFIGHT,: 光一想到還要什麼自扣劈裡啪啦就不想理它了 這種天
Subscript9 (小火車過客),DFIGHT,: 氣我已經兩三天沒出門了 哭阿
Subscript9 (小火車過客),am8112942,: 假設2月去韓國刷j卡 回饋也可以登錄5%嗎？
Subscript9 (小火車過客),flypenguin,: 啊，我講得太簡潔，早上去電富邦詢問，客服是說
Subscript9 (小火車過客),flypenguin,: 他行扣繳的，不論是變更或是終止，都只能走紙本申請
Subscript9 (小火車過客),flypenguin,: 然後因為我想改成數位帳戶，只能選終止之後再設定
Subscript9 (小火車過客),flypenguin,: 數位帳戶沒印鑑不能用變更
Subscript9 (小火車過客),flypenguin,: 很多銀行都能用自行扣繳直接蓋掉他行扣繳，
Subscript9 (小火車過客),flypenguin,: 獲利王還要跑紙本，我聽了真的傻眼 XD
Subscript9 (小火車過客),Go2,: 我也是得到一樣回答 我說其他銀行都可蓋為啥你們如
Subscript9 (小火車過客),Go2,: 此麻煩 他只好說 我寄回郵信封給你 ==
Subscript9 (小火車過客),Go2,: 最明顯對照組就聯邦 我記得當初APP點一點就新蓋舊
Subscript9 (小火車過客),flypenguin,: 真的很想吐槽，不能直接蓋就別學別人玩自扣啊…
Subscript9 (小火車過客),jm2020j,: 改爛怒噓
Subscript9 (小火車過客),justcoffee,: 弱弱問一下，聯邦賴點有贏J卡嗎？一樣要開帳戶自扣
Subscript9 (小火車過客),justcoffee,: 也才2%
Subscript9 (小火車過客),Go2,: 賴點沒贏J卡 但我應該用吉鶴了
Subscript9 (小火車過客),tndh,: 問了客服 數位轉一般的明年辦自扣一樣符合
Subscript9 (小火車過客),Caninee,": 2.2%無腦刷還行啊,改扣數位銀行也可以,但要重走紙本"
Subscript9 (小火車過客),Caninee,: 就很煩
Subscript9 (小火車過客),CCNCCN,: 原本用富邦一般帳戶扣的是不是網銀點一點就好？
Subscript9 (小火車過客),rmeng,": 樓上, 沒錯, 我今天網銀已經變更了"
Subscript9 (小火車過客),hojoe,: 實體卡2.2%無腦刷 可接受
Subscript9 (小火車過客),dt1980,: 沒有富邦帳戶 卡費都是用中信自動扣繳 看來該冰了
Subscript9 (小火車過客),gn01140216,: 要改聯邦吉鶴了
Subscript9 (小火車過客),ben811018,: 爛透 準備冰起來了
Subscript9 (小火車過客),w159736842,: 吐了
Subscript9 (小火車過客),plokmijnuhb,: 富邦一般帳戶自扣不行？已經有富邦實體帳戶申請數
Subscript9 (小火車過客),plokmijnuhb,: 位帳戶還需要上傳證件嗎？
Subscript9 (小火車過客),insense,: 真的爛 還要申請數位帳戶
Subscript9 (小火車過客),Kazamatsuri,: 基本上每家的數一跟數二都還是跟數三一樣要那些東
Subscript9 (小火車過客),Kazamatsuri,: 西吧？
Subscript9 (小火車過客),ben811018,: 實體帳戶跟數位帳戶可以流通嗎ZD
Subscript9 (小火車過客),asukaka,: 原本就沒開戶用自動扣款，現在這樣感覺這張卡沒用了
Subscript9 (小火車過客),asukaka,: ..
Subscript9 (小火車過客),halowonder,: j cash 有日韓5%嗎
Subscript9 (小火車過客),n2346879328,: 冰起來
Subscript9 (小火車過客),sbtiagr,: 已有一般帳戶還要再辦數帳嗎...
Subscript9 (小火車過客),pkcs0857,: 我的富邦數位帳戶轉實體薪資戶，不曉得有無那0.7%..
Subscript9 (小火車過客),pkcs0857,: .
Subscript9 (小火車過客),flypenguin,: 認帳戶號碼，不認帳戶性質。
Subscript9 (小火車過客),inkjetdark,": 單筆消費如低於72元,次月0.7%四拾五入掉(隱含低消?"
Subscript9 (小火車過客),yokota3,": 請問22年J卡,LinePay3%是還要開帳戶才有3%嗎？是不"
Subscript9 (小火車過客),yokota3,: 是23年還要多開一戶頭才能拿到完整2.2%？
Subscript9 (小火車過客),Kazamatsuri,: 今年下半年是用LINE Pay就有1%+2% 不用綁帳戶自扣
Subscript9 (小火車過客),okucts,: 準備剪J卡了，等到1月底line pay點數進來就要剪了
Subscript9 (小火車過客),Kazamatsuri,: 可以當搶JCB悠遊10%的卡啦 XD
Subscript9 (小火車過客),l145678p,: 推推
Subscript9 (小火車過客),reifind,: 1.5%還不是現金 誰會想用這糞卡
Subscript9 (小火車過客),rz759,: 已剪，富邦只有JU一張，好久都沒刷了...上次刷是要
Subscript9 (小火車過客),rz759,: 把JCB悠遊卡的50抵掉，剛剛直接在app數位客服剪了
Subscript9 (小火車過客),doraemon1293,: 已經有三個富邦的帳戶還要加辦數位帳戶好麻煩
Subscript9 (小火車過客),rainsilver,: 目前其他家沒更好的 已加辦數位帳戶
Subscript9 (小火車過客),Kazamatsuri,: 明年肯德基刷J的悠遊卡有10%刷卡金回饋 一樣每卡每
Subscript9 (小火車過客),Kazamatsuri,: 月30元封頂300元 這樣可combo JCB的10% 科科
Subscript9 (小火車過客),sai2100sai,: 低於3%後就幾乎沒刷過這張了XD
Subscript9 (小火車過客),reifind,: 不要用這糞卡就不會有數位帳戶的問題了啊~~
Subscript9 (小火車過客),evilscholar,: 網銀已經有4個 不想再開戶有夠麻煩
Subscript9 (小火車過客),fo142857,: 只保證保
Subscript9 (小火車過客),caprigemi,: 幸好花旗還沒剪，改綁花旗
Subscript9 (小火車過客),tagalong1024,: 日本5%變登錄，普通人3%，跟一般卡沒兩樣
Subscript9 (小火車過客),rainyman,: 冷凍
Subscript9 (小火車過客),cchpo,: 所以到三月活動登錄之前日本刷卡都只有3%嗎
Subscript9 (小火車過客),blackdragon,: 綁橘子繳費有回饋2.2％吧
Subscript9 (小火車過客),qoo31326,: 爛透了，還要辦數位帳戶
Subscript9 (小火車過客),littleconan,: 日韓加碼登錄也沒得登
Subscript9 (小火車過客),kkkk1234,: 我覺得網頁登錄比較方便 不過我是搶昨天的LINE禮物
Subscript9 (小火車過客),chenan,: https://i.imgur.com/jvpKkuX.jpg
Subscript9 (小火車過客),pl726,: Done
Subscript9 (小火車過客),tsuyo918,: 登記完成
Subscript9 (小火車過客),chenan,: 我好像習慣他們app搶了，網頁反而登錄不到。
Subscript9 (小火車過客),pl726,: 現在匯率大概儲12000日圓就到頂了
Subscript9 (小火車過客),fhghg2001,: 登錄完成 差點悲劇 可以來儲值了
Subscript9 (小火車過客),chenan,: 跟活動第一天的匯率，差了快1000日圓
Subscript9 (小火車過客),chenan,: 趕快來儲值，不然下個月15之前來不及入帳就白搶了
Subscript9 (小火車過客),andychen39,: 已登，上個月去日本用好用滿
Subscript9 (小火車過客),vkevin,: 請問這個是要用point卡還是cash卡刷呢？
Subscript9 (小火車過客),Ken52039,: 已登，昨天熊熊忘了LINE禮物哭哭
Subscript9 (小火車過客),zixflower,: 已登
Subscript9 (小火車過客),passenger10,: 現在匯率是存台幣多少頂？
Subscript9 (小火車過客),jtch,: 路過感謝
Subscript9 (小火車過客),william7713,: 滿了 哭哭
Subscript9 (小火車過客),passenger10,: 請問是存12500比較剛好還是12000
Subscript9 (小火車過客),fhghg2001,: 我剛匯率換算儲了12330 正好刷2857 供參考
Subscript9 (小火車過客),may8010,: 忘記了XD 不過還好我都用吉鶴卡儲 XDD
Subscript9 (小火車過客),Ken52039,: 吉鶴不是要實體通路？
Subscript9 (小火車過客),abult,: 吉賀肉身測有
Subscript9 (小火車過客),abult,: 刷卡現金回饋－日本感應支付回饋１１月
Subscript9 (小火車過客),Ken52039,: 差了快1000日圓，那我明年才要出國，好像也未必要搶
Subscript9 (小火車過客),Ken52039,: 著現在儲值了
Subscript9 (小火車過客),minanron,: 明年再儲可能又再差1000日圓
Subscript9 (小火車過客),Ken52039,: 有這麼慘？XDDDD
Subscript9 (小火車過客),kalmia,: 14:00準時已登
Subscript9 (小火車過客),Dimitre,: 富邦app真的難用 介面醜到不行
Subscript9 (小火車過客),legendd,: 所以原本就有3%了嗎？
Subscript9 (小火車過客),funru04cj86,: 哭啊 這趟去日本傻傻買了pasmo
Subscript9 (小火車過客),pippen2002,: ?? what?
Subscript9 (小火車過客),walkjw,: 沒搶到Q
Subscript9 (小火車過客),pippen2002,: 還限量?? 笑死!!要變成新乞丐卡嗎??
Subscript9 (小火車過客),pippen2002,: 滿受日圓線金花不完! 逼我買房嗎?
Subscript9 (小火車過客),pippen2002,: 滿手日圓cash花不完! 逼我買房嗎?
Subscript9 (小火車過客),rebbb,: 希望2023年也會有欸！
Subscript9 (小火車過客),chiangying,: 今天才收到回饋XD
openchen1016 (),yasanju,: 中信只怕不核卡，沒有額度低的困擾另一家玉山也是
openchen1016 (),fastfu,: 太頻繁辦卡了，你才剛辦第一張
openchen1016 (),fastfu,: 就又辦了另外兩張
openchen1016 (),fastfu,: 我覺得剛出社會胃口先不要那麼大，先養好信用分數
openchen1016 (),en5421,: 賀核卡，先卡雞排
openchen1016 (),eric525498,: 我中信跟國泰核卡額度都是偏高的耶
openchen1016 (),hsiche,: 我覺得可以先養一下信用分數
w320230 (盤盤盤),kkkk1234,: 學生存款120萬竟然辦不過
w320230 (盤盤盤),w320230,: 我看別人學生兩萬存款就過了QQ
w320230 (盤盤盤),p520888,: 單親學生百萬存款，太強了QQ
w320230 (盤盤盤),p520888,: 如果都是自己存，真的佩服Orz…..
w320230 (盤盤盤),kkkk1234,: 我學生時期依序辦了永豐、玉山、一銀、新光 畢業後
w320230 (盤盤盤),kkkk1234,: 用自營網拍辦了富邦、國泰 只有一銀未核卡
w320230 (盤盤盤),kkkk1234,: 目前除了新光未申請解除學生身分 其他額度都6萬
w320230 (盤盤盤),fastfu,: 都20歲了為啥還要家長同意
w320230 (盤盤盤),w320230,: 因為還是學生
w320230 (盤盤盤),kkkk1234,: 新光其實有個解法 但不一定有用 那就是跟他吵非全
w320230 (盤盤盤),kkkk1234,: 職學生不算學生 #1YXajZ8i
w320230 (盤盤盤),tony120480,: 滿20歲為什麼要家長同意？ 而且都滿20歲了不需要特
w320230 (盤盤盤),tony120480,: 別強調學生身份吧？
w320230 (盤盤盤),PTTAN1,: 學生就有120萬的富二代竟然辦不過幫QQ
w320230 (盤盤盤),hsx1002,: 國泰沒辦過比較扯
w320230 (盤盤盤),w320230,: 我隔壁論壇有問 有人說因為我短時間送了三家 聯徵
w320230 (盤盤盤),w320230,: 拉滿QQ 也有人說因為我第一次沒報學生身分 查到就
w320230 (盤盤盤),w320230,: 不會過
w320230 (盤盤盤),NSA5G,: 我20沒報學生
w320230 (盤盤盤),NSA5G,: 富邦、玉山、國泰過，只附活存
w320230 (盤盤盤),NSA5G,: 半年後辦中信、花旗也過
w320230 (盤盤盤),NSA5G,: 中信附健保投保紀錄
w320230 (盤盤盤),NSA5G,: 花旗為了確定我畢業了
w320230 (盤盤盤),NSA5G,: 附畢業證書、戶口名簿、一個月薪資袋
w320230 (盤盤盤),NSA5G,: 我富邦、玉山、國泰都是一起辦的
w320230 (盤盤盤),NSA5G,: 三家超過後，辦其他家就不會過了
w320230 (盤盤盤),YanYain,: 我滿20歲那年，不懂的情況下辦了花旗饗樂只有2萬額
w320230 (盤盤盤),YanYain,: 度。之後搞懂辦台新沒講學生有10萬額度、中信20萬、
w320230 (盤盤盤),YanYain,: 玉山30萬給你參考、
cookiecake77 (cookie),ARTCOM,: ㄅㄌ心碎一地
cookiecake77 (cookie),david0902,: 會不會額度使用率太高？
cookiecake77 (cookie),david0902,: 和持卡年資關係
cookiecake77 (cookie),david0902,: 我持卡十年，年薪75，從3萬一路調到50萬...
cookiecake77 (cookie),operatorm,": 擺300萬定存,申辦尊御世界啊,額度50萬↑都小事"
cookiecake77 (cookie),operatorm,: http://i.imgur.com/o4088TM.jpg 都沒在刷
cookiecake77 (cookie),operatorm,: #1ZXYf_0e (Bank_Service)
cookiecake77 (cookie),chinaeatshit,: 不爽剪掉就好了
cookiecake77 (cookie),Beckhan,: 補個扣繳憑單而已 小事啦 手指動一動寄信又花不了多
cookiecake77 (cookie),Beckhan,: 少時間
cookiecake77 (cookie),zark07222,: 年收才150，額度想翻倍感覺不容易，如果喊+20大概
cookiecake77 (cookie),zark07222,: 可行，你想剪就剪吧。
cookiecake77 (cookie),gary520gary1,: 剪掉吧不用用的這麼心累
cookiecake77 (cookie),alha095,: 連一毛錢的存款都不用，丟個扣憑就調到160萬了，銀
cookiecake77 (cookie),alha095,: 行最愛的就是扣憑，比你給定存單還好調
cookiecake77 (cookie),alha095,: https://i.imgur.com/KvZVrgP.jpg
cookiecake77 (cookie),bbalabababa,: 分個兩次應該就沒問題了
cookiecake77 (cookie),cda1113,: 富貴要人幫這麼小心臟  是要以後別人怎麼去好X多買
cookiecake77 (cookie),cda1113,: 遊艇、豪車啦
cookiecake77 (cookie),wakaura,: 直接剪有什麼好客氣
cookiecake77 (cookie),yin198866,: 想剪就剪啊 有啥好心累的？
cookiecake77 (cookie),tenghui,: 扣憑好用+1 我富邦持有10年 從20->80 每個月固定扣
cookiecake77 (cookie),tenghui,: 台灣大費用
cookiecake77 (cookie),tr000064,: 堅強好嗎
cookiecake77 (cookie),FireSunFire,: 富邦比較謹慎，補個扣繳憑單就好了！
cookiecake77 (cookie),newconfidenc,: 玻璃心
cookiecake77 (cookie),a123zyx,: 萬起跳算高嗎
p520888 (Peter Cheng),darktasi,: 無戶籍是指？
p520888 (Peter Cheng),p520888,: 無戶籍國民算是介於外籍（居留證）和有身份證（有
p520888 (Peter Cheng),p520888,: 戶籍的國民）中間位置，持有台灣護照但具有其他國
p520888 (Peter Cheng),p520888,: 家國籍，在台持類居留證（卡片基本上是一樣的，需
p520888 (Peter Cheng),p520888,: 要細看名稱才知不是外國人居留證），雖法律在近年
p520888 (Peter Cheng),p520888,: 來有稍微改善處境，但銀行原則上還是在風險評估上
p520888 (Peter Cheng),p520888,: ，視同外籍人士，所以開戶很麻煩Orz
p520888 (Peter Cheng),canhong,: 就沒有戶籍啊XD
p520888 (Peter Cheng),canhong,: 簡單說就是還沒拿到身分證
p520888 (Peter Cheng),p520888,: 對xD
p520888 (Peter Cheng),nwii,: 恭喜國泰核卡
p520888 (Peter Cheng),tonyian,: 大概是疫情除戶的人吧
p520888 (Peter Cheng),ipure,: 林書豪好像也是無戶籍國民？
p520888 (Peter Cheng),reashen,: 會不會今明年好市多卡各給他辦一張下去就先破関cube
p520888 (Peter Cheng),reashen,: 及富邦
p520888 (Peter Cheng),lions402,: 海外華僑吧 這樣的人很多
p520888 (Peter Cheng),hcoaf,: 恭喜核卡
p520888 (Peter Cheng),mtcoat,: 是有中華民國國籍但是在台無戶籍 是這樣嗎？
p520888 (Peter Cheng),FMANT,: 知道自己在銀行評估系統風險超高，阿不就去改善條
p520888 (Peter Cheng),FMANT,: 件？
p520888 (Peter Cheng),FMANT,: 頂著不合格的條件亂送審只是浪費彼此時間
p520888 (Peter Cheng),shepherdspie,: 電影醬狗就是演這個族群的故事喔，以前歌手畢書盡就
p520888 (Peter Cheng),shepherdspie,: 是這樣有台灣護照沒有台灣身份證。
p520888 (Peter Cheng),breezefeelin,: 有台灣身份證但無戶籍（或因離台太久被除籍）
p520888 (Peter Cheng),breezefeelin,: 如果打算在台灣長居一段時間，可以先去移民署恢復戶
p520888 (Peter Cheng),breezefeelin,: 籍，這樣辦卡應該會比較容易
p520888 (Peter Cheng),joy159357,: 有另一本護照吧 所以不想恢復
p520888 (Peter Cheng),joy159357,: 阿...33歲那也可能是不想當兵，這個35歲之後就會轉
p520888 (Peter Cheng),joy159357,: 了科科
p520888 (Peter Cheng),kkkk1234,: 可以拿完首刷禮之後加辦別的卡再剪CUBE重辦
p520888 (Peter Cheng),breezefeelin,: 原po是男生? 剛剛查，除役是滿36歲當年的12／31才除
p520888 (Peter Cheng),breezefeelin,: 役，不是35哦
p520888 (Peter Cheng),raphael1994,: 除籍很常見啊 一堆疫情前出去的朋友都被除籍了
p520888 (Peter Cheng),joy159357,: 無戶籍國民跟除籍的國民不一樣
p520888 (Peter Cheng),joy159357,: 不過這裡也不是移民署版不用細究，反正他拿的是居
p520888 (Peter Cheng),joy159357,: 留證，就是外國人身份。
p520888 (Peter Cheng),asdfg567,: 韓國華僑都這樣
p520888 (Peter Cheng),spirit119,: 除戶籍那是被戶政遷出國外吧 跟無戶籍國民不一樣
p520888 (Peter Cheng),spirit119,: 後者跟外國人我覺得是沒什麼分別
p520888 (Peter Cheng),breezefeelin,: 感謝前幾樓資訊  持居留證開戶會較困難嗎？家人持居
p520888 (Peter Cheng),breezefeelin,: 留證開戶沒有遇到問題，只是信用卡申辦需要保證人
p520888 (Peter Cheng),RELIC,: 移民署 板？
p520888 (Peter Cheng),raphael1994,: 就是單純怕欠款要不到而已
p520888 (Peter Cheng),FireSunFire,: 祝明年富邦J順利核卡，加油！
p520888 (Peter Cheng),pippen2002,: 無戶籍國民? PK除籍?  都幾?
p520888 (Peter Cheng),smvt1215,: 無戶籍國民分2種：
p520888 (Peter Cheng),smvt1215,: 1. 因出國被除籍的人，有台灣身份證&護照，只是因為
p520888 (Peter Cheng),smvt1215,: 出國太久被暫時除籍
p520888 (Peter Cheng),smvt1215,: 2. 海外華僑，有台灣護照但是沒有台灣身份證，進出
p520888 (Peter Cheng),smvt1215,: 台灣需持入台證，從來沒在台灣登錄過戶籍，只是因為
p520888 (Peter Cheng),smvt1215,: 父或母是台灣人而取得護照
p520888 (Peter Cheng),nogard,: 無戶籍國民解釋起來真的是有點花時間XDD
p520888 (Peter Cheng),nogard,: 國泰世華要感謝板上ypwalter大的鍥而不捨！
p520888 (Peter Cheng),nogard,: 領有身分證但是被除籍的人，不等同於無戶籍國民吧
p520888 (Peter Cheng),nogard,: 光是護照上有身分證字號就不同了XD
p520888 (Peter Cheng),milk0611,: 恭喜核卡 這種確實好像比較難
p520888 (Peter Cheng),jimhall,: 好處全拿
p520888 (Peter Cheng),ceendy,: 回joy159357，拿無戶籍國民是國民，不是外國人
p520888 (Peter Cheng),ceendy,: 你說的外國人拿的會是外僑居留證
blackluffy (HyukBomIm),LMgogo,: 可加辦小小兵卡，覺的掛在台灣pay上感應支付 回潰
blackluffy (HyukBomIm),LMgogo,: 很不錯
rebbb (rebbb),Sheng98,": 我記帳時就順便把回饋的也算進去, 這次點數分開就"
rebbb (rebbb),Sheng98,: 還是要核對 (我 10 月有刷 2 萬多還要等到 11 月底
rebbb (rebbb),Sheng98,: 才會知道加碼的點數正不正確)
rebbb (rebbb),nrxadsl,: 我已經放棄算了，彰銀的買購六日回饋超紀複雜...
rebbb (rebbb),Sheng98,": 彰銀 My 購卡有點時間沒在用了, 現在是用 My 樂倒還"
rebbb (rebbb),Sheng98,": 單純些 (卡片本身權益通路大致上還要看一下, 額外"
rebbb (rebbb),Sheng98,: 的 6pay 就只挑六日搭對應的 pay 去店家使用)
rebbb (rebbb),game0502,: https://i.imgur.com/HbAohLs.jpg 完全忘了刷多少
rebbb (rebbb),game0502,: ，虧爆
rebbb (rebbb),game0502,: 分開給很難算容易刷過頭
rebbb (rebbb),Sheng98,: 樓上把有在 9/1~9/30 刷卡消費的紀錄一筆一筆驗算就
rebbb (rebbb),Sheng98,: 知道了
rebbb (rebbb),Sheng98,": 因為可能會用到兩期的帳單, 這樣才能算出加碼的部分"
rebbb (rebbb),Sheng98,": 反正有透過 LINE Pay 刷的加碼 2%, 其他都 1%"
rebbb (rebbb),Sheng98,": 拿滿 5000 點的話, 全透過 LINE Pay 刷也要 25 萬"
rebbb (rebbb),Sheng98,: 的消費
rebbb (rebbb),Hamazura,": 現在點數算法都是無條件捨去,要回饋都要以50元維"
rebbb (rebbb),Hamazura,": 1單位,未滿50元就都沒有"
rebbb (rebbb),repast,: 我都抱著沒少給算賺到 懶得記了
rebbb (rebbb),zx1819360,: 樓上那位哥真的能夠探上限欸 好強XD
rebbb (rebbb),Anadyomene,: 無條件捨去？不是四捨五入嗎？
rebbb (rebbb),Anadyomene,: 無條件捨去不就變成滿百才給點了？
rebbb (rebbb),nrxadsl,: 買夠的%數有分月回饋跟季回饋不一樣...也就是三個月
rebbb (rebbb),nrxadsl,: 後你要自己算前面三個月有什麼是不符合加碼，然後再
rebbb (rebbb),nrxadsl,: 打去問客服，數字對不起來是常有，到最後我請客服算
rebbb (rebbb),nrxadsl,: ，金額少很多，可是要往前追一年，一張一張帳單對，
rebbb (rebbb),nrxadsl,: 換言之，他系統有歸類上的問題，之前你當月不知道後
rebbb (rebbb),nrxadsl,: 面三個月，如果你不即時當季（一季三個月過了當下其
rebbb (rebbb),nrxadsl,: 實就不能算“即時”了）甚至一年才算，保證你頭痛，
rebbb (rebbb),nrxadsl,: 跟客服花40-50分鐘真的常有的事情
rebbb (rebbb),qqplusqq,: 我只有第一個月有驗算。之後就相信系統吧XD
rebbb (rebbb),qqplusqq,: 因為算起來真的很累@@，尤其幾乎都是小額消費，筆
rebbb (rebbb),qqplusqq,: 數有夠多～
rebbb (rebbb),typeking,: 看你時薪有多低；如果我時薪有500以上，我幹麼花兩
rebbb (rebbb),typeking,: 小時去驗算不到200的回饋。不過如果連這都想不通的
rebbb (rebbb),typeking,: 話的確時薪低是有道理的
rebbb (rebbb),goodman,: 刷完我都當有回饋 懶得再花時間回追了= =
rebbb (rebbb),miki50407,: 懶得算
rebbb (rebbb),adon0313,: 不會
rebbb (rebbb),nikitony2001,: J卡是四捨五入阿  有改嗎？
rebbb (rebbb),Kazamatsuri,: 第一句錯了 是7月開始就改了 XD
rebbb (rebbb),pttkuma,: 放棄驗算
rebbb (rebbb),befebe,: 之前只要消費17元就有1點，17x0.03=0.51四捨五入=1
rebbb (rebbb),befebe,: 點
arashivivian (小淩等嵐回歸),jack12872,: 有登有推，謝謝
arashivivian (小淩等嵐回歸),thoms,: 謝謝提醒
arashivivian (小淩等嵐回歸),Ken52039,: AP永豐魔獸刷完的替代方案
arashivivian (小淩等嵐回歸),a6444long,: 有登有推
arashivivian (小淩等嵐回歸),yuenru,: 謝謝提醒
arashivivian (小淩等嵐回歸),ABSURDISMM,: 有登有推，感謝
arashivivian (小淩等嵐回歸),disasterD,: 感謝提醒
arashivivian (小淩等嵐回歸),neobasara,: 有登有推
arashivivian (小淩等嵐回歸),Smily79,: 拿來綁橘支7-11繳水電可以嗎
arashivivian (小淩等嵐回歸),SK3,: 謝謝提醒
arashivivian (小淩等嵐回歸),aqqa0416,: 有登有推
arashivivian (小淩等嵐回歸),docsis,: 已登
arashivivian (小淩等嵐回歸),docsis,: 看了一下應該是每月20都要登錄
arashivivian (小淩等嵐回歸),docsis,: 有刷的注意一下
arashivivian (小淩等嵐回歸),loneloneago,: 已登 謝謝
arashivivian (小淩等嵐回歸),gausong,: 請問這個會不會很容易額滿？
arashivivian (小淩等嵐回歸),zeroxx,: 已登，謝謝
arashivivian (小淩等嵐回歸),gray2000,: 謝謝提醒
arashivivian (小淩等嵐回歸),arashivivian,:  https://i.imgur.com/VC91Q1M.jpg
arashivivian (小淩等嵐回歸),noellasji494,: 謝謝提醒
arashivivian (小淩等嵐回歸),arashivivian,: 我覺得是不難登，畢竟回饋的是momo幣，有的人就喜
arashivivian (小淩等嵐回歸),arashivivian,: 歡現金，不過對於每個月到了20號後，回饋上限刷的
arashivivian (小淩等嵐回歸),arashivivian,: 差不多了的我來說，多一張5%還是堪用
arashivivian (小淩等嵐回歸),miniko0201,: 沒登到，額滿
arashivivian (小淩等嵐回歸),arashivivian,: 結果馬上滿？不過活整整一天還是Ok吧
arashivivian (小淩等嵐回歸),ni830720,: +1 真的很多刷滿了 還好有登錄這張
arashivivian (小淩等嵐回歸),starchiang,: PO在這邊還能活一天也厲害了。嚴格講是活8小時
arashivivian (小淩等嵐回歸),starchiang,: 以前是活好幾天都沒滿
arashivivian (小淩等嵐回歸),mercury99986,: 讚
arashivivian (小淩等嵐回歸),cestirene,: 請問當月行動支付刷momo卡幾號會入購物金
arashivivian (小淩等嵐回歸),pippen2002,: Mono幣？能用嗎？
arashivivian (小淩等嵐回歸),smalleyesjun,: 1/31刷行動支付，2/3有入帳基本的1%
arashivivian (小淩等嵐回歸),cestirene,: 先入帳基本1% 請問那剩餘的4%何時入帳
buniro (愛怡),a7294,: costco卡還是沒有消息
buniro (愛怡),sidochic,: 加碼的2%回饋是隔2個月才會入點嗎?
buniro (愛怡),owenxeve,: 限量5000名，富邦不愧是金控獲利王
buniro (愛怡),nigeltw,: 很少登錄富邦的活動，請問是額滿關閉，有登錄成功就
buniro (愛怡),nigeltw,: 有嗎？
buniro (愛怡),Kazamatsuri,: 對 跟聯邦的邏輯一樣
buniro (愛怡),nigeltw,: 謝謝！
buniro (愛怡),loneloneago,: 已登錄 謝謝
buniro (愛怡),seekor,: 有PX Pay耶，已登錄 感恩
buniro (愛怡),jpdakwind,: 這個小額支付平台可以認列消費嗎？
buniro (愛怡),pippen2002,: 獲利王?? 我看她明年要發1.2還是0.8現金股息?
buniro (愛怡),Kazamatsuri,: 加碼2% MOMO幣應該都會有 原本的1% Momo幣就要看原
buniro (愛怡),Kazamatsuri,: 卡認定的方式了吧？
buniro (愛怡),bernicefaye,: 已登錄，感謝
buniro (愛怡),asd882266547,: momo幣使用範圍比較受限，要一直一直消費
youngwe0803 (夢想世界_小包),locao1120w,: 回分行換卡吧
youngwe0803 (夢想世界_小包),NoWashingID,: 上禮拜也是凌晨(睡夢中)被登入momo帳號，直接刷momo
youngwe0803 (夢想世界_小包),NoWashingID,: 卡，過了兩個小時左右才發現有盜刷。
youngwe0803 (夢想世界_小包),michaellai,: 你這連手機都被駭進去了（簡訊分類），如果不是身邊
youngwe0803 (夢想世界_小包),michaellai,: 的人那問題頗嚴重…
youngwe0803 (夢想世界_小包),auction88,: 沒遇過手機沒otp  倒是很多email延遲很久才收到
youngwe0803 (夢想世界_小包),auction88,: 新裝置登錄momo，momo也會用otp 傳到會員註冊電話
youngwe0803 (夢想世界_小包),auction88,: https://i.imgur.com/eLWwYmX.jpg
youngwe0803 (夢想世界_小包),auction88,: 所以是怎麼被登錄momo會員盜刷 這實在蠻怪異的
youngwe0803 (夢想世界_小包),kkkk1234,: 都沒看到簡訊幾乎可以確定是有病毒吧
youngwe0803 (夢想世界_小包),alex1973,: 如果你的描述都是正確的，那幾乎代表你的手機中了
youngwe0803 (夢想世界_小包),alex1973,: 木馬，要不然就是身邊有人能碰到你手機，他做的，
youngwe0803 (夢想世界_小包),alex1973,: 自己想辦法解決吧，不然換了卡盜刷還是不會停
youngwe0803 (夢想世界_小包),plunk55,: momo刷卡好像都不會驗證
youngwe0803 (夢想世界_小包),plunk55,: 剛用國泰刷pchome也沒驗證
youngwe0803 (夢想世界_小包),SHENG2014,: OTP 被開啟且被丟到垃圾桶？這是什麼意思
youngwe0803 (夢想世界_小包),nwii,: P家mo驗證  好像是隨機   有錯請指正
youngwe0803 (夢想世界_小包),youngwe0803,: 謝謝各位關心，客服已經協助換發卡片了，也已經更
youngwe0803 (夢想世界_小包),youngwe0803,: 改密碼了，現在momo要登入會員也有多了一道手續
youngwe0803 (夢想世界_小包),youngwe0803,: 而且momo已經將遊戲點數卡下架了
youngwe0803 (夢想世界_小包),youngwe0803,: OTP被開啟是指EMAIL也被盜用了，讀取完就將信件丟
youngwe0803 (夢想世界_小包),youngwe0803,: 掉垃圾桶
youngwe0803 (夢想世界_小包),youngwe0803,: 手機沒有被其他人接觸，應該也沒有中木馬程式，家人
youngwe0803 (夢想世界_小包),youngwe0803,: 的帳號也有用我的手機登入，但是只有我的被盜用
youngwe0803 (夢想世界_小包),youngwe0803,: 不是手機被駭入是EMAIL被盜用
youngwe0803 (夢想世界_小包),flypenguin,: mail 現在都有兩步驗證，去打開吧。比較不好盜。
youngwe0803 (夢想世界_小包),juiping,: MOMO聽到你的聲音 現在網頁版每次登入都要驗證了
youngwe0803 (夢想世界_小包),juiping,: 雖然比較安全，但也太麻煩了吧！
youngwe0803 (夢想世界_小包),tsaigi,: 哪家銀行OTP不傳簡訊的？
z5582143 (KaTsura),shaoten7,: 你如果是momo號碼錯就找momo啊 不是同個集團都隨便
z5582143 (KaTsura),shaoten7,: 找個子公司就能全改啦… 信用卡的很難錯吧
z5582143 (KaTsura),mx5021,: 改momo綁定的手機號碼不行嗎？ 基本資料那裡 不然
z5582143 (KaTsura),mx5021,: 就電話客服
z5582143 (KaTsura),qwerty754892,:  下方有個02的客服電話打過了？
z5582143 (KaTsura),mx5021,: 而且通常申請時不是都會otp確認申請手機資料嗎？
z5582143 (KaTsura),hototogisu,: 猜富邦網路銀行的個人服務-我的個人資料 還是錯的..
z5582143 (KaTsura),tonyian,: 富邦至少有兩組電話號碼在他們資料庫，一個單純otp
z5582143 (KaTsura),tonyian,: 的，跟帳戶轉帳otp的是不同電話，我之前也是撞到問
z5582143 (KaTsura),tonyian,: 題才知道，不知道你這個是不是又是富邦的傑作，不
z5582143 (KaTsura),tonyian,: 知道用了哪個另外電話紀錄
z5582143 (KaTsura),jinzong,: 用你momo卡申請的正確手機號碼，去申請新的momo購物
z5582143 (KaTsura),jinzong,: 帳號就可以了
z5582143 (KaTsura),arl616,: 沒綁定一樣可以用 你就刷卡時 輸入momo卡號就好
z5582143 (KaTsura),arl616,: 綁定只是方便你以後不用一直輸入吧?
z5582143 (KaTsura),tiffanyning,: 等卡片來就好
z5582143 (KaTsura),mx5021,: 這綁卡驗證應該算是 富邦銀行的問題 請他們查詢正
z5582143 (KaTsura),mx5021,: 確再說 不然你先試刷其他需要otp的網站看看 需綁卡
z5582143 (KaTsura),mx5021,: 的帳戶 看是否能收到綁定的otp簡訊
z5582143 (KaTsura),mx5021,: 就能看見是否為正確的手機資訊 蝦皮應該可以測試
z5582143 (KaTsura),mx5021,: 試完再砍卡就好
z5582143 (KaTsura),enthusiastic,: 借問一下momo卡綁在momo結帳都不用驗證的嗎？能否
z5582143 (KaTsura),enthusiastic,: 使用OTP驗證？
z5582143 (KaTsura),Kazamatsuri,: OTP是看商家要不要開的 跟發卡銀行關係不大....
z5582143 (KaTsura),Go2,: 這個綁定不是設定5%MO幣要歸戶到哪嗎
Hometown (Ap),A1101166,: 年消費12次…
Hometown (Ap),alloc,: https://i.imgur.com/2ODaKJV.png
Hometown (Ap),alloc,: 不是頂級卡基本都不用擔心年費問題
Hometown (Ap),alex1973,": 官網下面免年費方法那麼多, 都很簡單吧 ?"
Hometown (Ap),TZUYIC,: 這張卡我一年消費不到1次也沒有出年費，如果哪天真
Hometown (Ap),TZUYIC,: 的出了再請客服處理就好，這張卡不是什麼頂級卡，只
Hometown (Ap),TZUYIC,: 是一般般的等級，很好處理的。
Hometown (Ap),alloc,: 而且年費都是預收  等出了再去談心失敗了再剪卡也
Hometown (Ap),alloc,: 不用付年費
Hometown (Ap),windsson,: 除非你都沒在關注帳單明細，然後都自動扣繳
Hometown (Ap),windsson,: 很容易跟我姊一樣，年費都繳了幾個月才發現
Hometown (Ap),pa3rick,: MOMO任刷一筆就不用年費了...很好處理啦
Hometown (Ap),iele,: 不是電子帳單就免年費了
Hometown (Ap),catuncle1,: 如果你連這四個條件都達不到，那還是勸你剪卡吧
Hometown (Ap),yasanju,: 電子帳單就免年費了，這張還有寫清楚，聯邦微風非
Hometown (Ap),yasanju,: 頂卡官網到現在還沒寫電子帳單就免年費，還是寫要
Hometown (Ap),yasanju,: 刷滿一定金額才免年費，上個月找聯邦客服故意用快
Hometown (Ap),yasanju,: 出年費當剪卡理由剪掉都沒在刷的微風卡，客服一直
Hometown (Ap),yasanju,: 強調用電子帳單已經免年費了，講到最後還端出後三
Hometown (Ap),yasanju,: 個月每個月100元刷卡金挽留，最後還是沒剪成功反而
Hometown (Ap),yasanju,: 賺300元。
Hometown (Ap),kissung,: MoMo任刷一筆XDD
Hometown (Ap),rebestw,: 綁一個富邦LINE好友就免年費了，這樣子也做不到？
Hometown (Ap),sony1733,: 年刷12次都辦不到喔 去超商買飲料刷卡就好了啊
Hometown (Ap),Anyotw,: 電子帳單就搞定了，如果什麼都辦不到。打一通電話還
Hometown (Ap),Anyotw,: 是能搞定
Hometown (Ap),qqstory,: 辦電子帳單
Hometown (Ap),fm0204,: 自動扣繳不是也能嗎，應該沒難度吧…
Hometown (Ap),chinaeatshit,: 綁便利商店的錢包隨便也能達標12次..
Hometown (Ap),abc5555990,:  這張不是電子帳單就OK了嗎 0.0a
Hometown (Ap),Hometown,: 大家說的電子帳單或者+LINE免年費都到今年底而已
Hometown (Ap),Hometown,: 我請教的是次年免年費的方式
Hometown (Ap),Hometown,: 我是使用自動扣繳，真的是怕到時候傻傻繳了也沒發現
Hometown (Ap),Hometown,: 謝謝各位的熱心回覆~
Hometown (Ap),alloc,: 基本上都一樣 這張不是頂卡不會刁難你一定要年費
Hometown (Ap),alloc,: 真的很擔心就是年費出帳後打客服剪卡
Hometown (Ap),ciplu,: 會辦這張卡不就是會常用momo 一個月買一次都辦不到?
Hometown (Ap),geary,: 加YTer會員
Hometown (Ap),dakkk,: 優惠都有期限 每年還是會續呀
Hometown (Ap),superjoseph,: 在MOMO買週期購的用品，例如咖啡，一年12次免年費，
Hometown (Ap),superjoseph,: 週期購還有回饋MOMO幣。
Hometown (Ap),august628,: 我整年沒刷沒被收過
Hometown (Ap),TZUYIC,: 你Google一下 momo卡，拉到官網畫面最下面，有提供
Hometown (Ap),TZUYIC,: 四種免年費途徑，其中一個是綁定台北富邦銀行LINE官
Hometown (Ap),TZUYIC,: 方帳號，就只要這樣，就完全免年費了。
Hometown (Ap),TZUYIC,: 免年費方案，四選一，符合其中一個就能免年費。
Hometown (Ap),TZUYIC,: 申請電子帳單也是其中方式。
Hometown (Ap),jimhall,: 剪卡
Hometown (Ap),LiuTerry,: 這些條件都達不到的話，我很好奇為什麼還要留這張
Hometown (Ap),LiuTerry,: 卡
Hometown (Ap),Gyin,: 辦MOMO卡一年還刷不到一次momo應該也不用辦了吧
Hometown (Ap),Apsara,: 一年消費12次不限金額的話 應該是滿容易的吧
Hometown (Ap),Apsara,: 常上去買民生用品就好了 衛生紙 飲料之類的
Hometown (Ap),leo88073,: 7-11 10元 麥香 12次
Hometown (Ap),fay959,: 一天三餐喝養樂多，4天就免年費囉！
Hometown (Ap),ackes,: 簽到搶紅包   刷mo幣加1元即享券 一年常常可以吃到
Hometown (Ap),ackes,: 免費即享券餐
Hometown (Ap),BUKU,: 12次有難嗎= =
Hometown (Ap),BUKU,: 12次  蝦皮  買多多就12次惹
Hometown (Ap),w82814704,: 12次 你有訂串流平台 用這張卡不就達標了
Hometown (Ap),aaa19870319,: 蘋果級的客戶打客服談心一下就減免了～
Hometown (Ap),louiseyeyen,: 連momo都刷不到一筆，剪了吧。不懂你辦卡要幹嘛
Hometown (Ap),RingRaid,: 12次隨便刷都有了吧
Hometown (Ap),ludashi,: 這種廢卡還要收年費喔
Hometown (Ap),alex1973,": 蝦皮票券現在這麼鳥, 現在不太能靠這養卡了, 至少是"
Hometown (Ap),alex1973,": 不太可靠了, 搶不贏機器人, 除非接受那很一般的價格"
Hometown (Ap),de092112,: 12次隨便看不小心手滑都不知道幾次了 ...
Hometown (Ap),mizuhara,: 加12次油不就得了?
Hometown (Ap),tue678,: 渣打免年費條件 要消費12次沒達到 打去客服就減免了
Hometown (Ap),tue678,: 有綁星巴克 自動加值 但沒計算好
Hometown (Ap),janice01,: 那個到年底的年費減免方式，正常都會延續，明年初沒
Hometown (Ap),janice01,: 延續再來煩惱
Hometown (Ap),su72amd,: 綁個LINE官方帳號好友不難吧
Hometown (Ap),BearFather,: 現在普通卡年費沒人收的吧 趕走客戶
Hometown (Ap),Kazamatsuri,: 樂天虎航聯名卡：（默）
Hometown (Ap),fliersky,: 要辦卡的時候條文不是都寫得很清楚？
Hometown (Ap),svcc,: 出年費再剪
ANGELB (神仙B),chinaeatshit,: 一個是吃平台回饋 一個是吃推廣期間回饋 很好選吧
ANGELB (神仙B),pyjuwqq,: 我現在都在實體店面買7折，良品週會再9折，但會受
ANGELB (神仙B),pyjuwqq,: 限地理位置
ANGELB (神仙B),pyjuwqq,: 博客來每月活動搭配折價券也81折，不包括信用卡回饋
ANGELB (神仙B),pyjuwqq,: (有些10%)及博客來另有鑽石1.5%。
ANGELB (神仙B),way1214,: 新戶選首刷禮想要的...舊戶就都加辦
ANGELB (神仙B),annielaurie,: 如果還沒有富邦帳戶 持有momo卡新辦富邦帳戶自動扣
ANGELB (神仙B),annielaurie,: 繳卡費有300元
ANGELB (神仙B),JingHui,: 中信的聯名卡不是有刷滿3000，隔年生日送900？這樣
ANGELB (神仙B),JingHui,: 比較優惠吧？
ANGELB (神仙B),tonychen2004,: 兩張都辦不就好了
ANGELB (神仙B),orange21,: 問就是都辦
ANGELB (神仙B),pyjuwqq,: 補充上面推文，實體店面是搭配使用op券7折，月初去
ANGELB (神仙B),pyjuwqq,: 買又剛好遇到滿千現折百，只要6折多，全省只有北高2
ANGELB (神仙B),pyjuwqq,: 家，不住北高就沒辦法
ANGELB (神仙B),eyecolor,: 二張都不錯，我是分開用途使用
ANGELB (神仙B),pyjuwqq,: 博客來要精算才拿得到81折，之前常有icashpay10%或c
ANGELB (神仙B),pyjuwqq,: ube10%搭配下來就很補。
ANGELB (神仙B),bailan,: 都同一家也不是只能辦一張，何必選？
ANGELB (神仙B),tonyparker18,: 兩張都有
ANGELB (神仙B),shargo,: 兩張都有 都沒在管理 也沒在刷XD
ANGELB (神仙B),dakkk,: 兩張都有 必備卡
ANGELB (神仙B),Kazamatsuri,: 如果管理是實體卡的部分 那J虛擬卡MOMO實體卡就好啦
ANGELB (神仙B),alloc,: 同一家的帳單在一起沒差吧 問就是都辦
ANGELB (神仙B),rainsilver,: 問就是都辦 不過j卡能用的地方比較多
ANGELB (神仙B),ivymorita,: 兩張都有.都偶爾用XD
ANGELB (神仙B),Dwccc,: 如果只要專用momo選momo卡
ANGELB (神仙B),Dwccc,: J卡辦到現在沒刷半次，完全無用
ANGELB (神仙B),Dwccc,: 網購卡有更好選擇
ANGELB (神仙B),loneloneago,: 我會選momo momo店外可以無腦3% 店內5%甚至10%
ANGELB (神仙B),shuhong,: J卡就無腦神卡超好用
ANGELB (神仙B),shuhong,": momo卡權益常巴比q,店外3%是給momo幣不實用，line點"
ANGELB (神仙B),shuhong,: 100%折抵能刷line就能折除了繳費例外，j卡是富邦主
ANGELB (神仙B),shuhong,: 推卡萬年3%不變。
ANGELB (神仙B),Dwccc,: line點很難用，常買momo就用momo幣
ANGELB (神仙B),ackes,: line點比momo幣好用太多了好嗎
ANGELB (神仙B),ackes,: 不過消費額度不是太高的話  linepay有不少卡就是了
ANGELB (神仙B),ackes,:  j卡非首選  這是給消費高的用的
ANGELB (神仙B),ackes,: 然後 如樓上  都辦也沒差就是了
ANGELB (神仙B),loneloneago,: 啊原po就常在momo 買東西啊 本人用得到就不難用
ANGELB (神仙B),rainsilver,: Momo幣才難用吧？line點可以刷momo啊
ANGELB (神仙B),rainsilver,: J卡就是一般消費和linepay通殺 又高上限
ANGELB (神仙B),jason00650,: Line根本好用 到底是在同一個時空嗎
ANGELB (神仙B),lcyeh,: line點數有什麼用？
ANGELB (神仙B),shoppinglin,: line點可以用來linepay啊
ANGELB (神仙B),Oo5566,: line一堆購物網和實體通路可以用，momo幣限制那麼多
ANGELB (神仙B),shuhong,: 原始人曰：line點是甚？能吃嗎？已知用火。
ANGELB (神仙B),tree1820,: Line point連買飲料都可以用了，不好用嗎XDDD 只有
ANGELB (神仙B),tree1820,: 可以用line pay的店家（包括超商）都可以用啊
ANGELB (神仙B),erre,: line point難用，請問是住很偏鄉嗎？
ANGELB (神仙B),Lmkcat,: 會問出line點數有什麼用 我很難跟你解釋
ANGELB (神仙B),fm0204,: 同家銀行的有什麼好問的，都辦不就好了
ANGELB (神仙B),shieldsky,: 咦！超商能用line pay嗎？
ANGELB (神仙B),shieldsky,: 如果是指美聯社，那的確可用，但四大超商可以用嗎
ANGELB (神仙B),shieldsky,: ？
ANGELB (神仙B),Kazamatsuri,: 除了全家外三大超商LINE Pay都可以用富邦卡 但沒原
ANGELB (神仙B),Kazamatsuri,: 卡回這樣 但可以用LINE點抵 不過發票是開抵扣後的金
ANGELB (神仙B),Kazamatsuri,: 額 因此全額抵扣是0元發票無法對獎兌獎的
ANGELB (神仙B),Kazamatsuri,: 啊不對 全家也可以綁富邦卡了 所以四大都可以用
ANGELB (神仙B),shieldsky,: 感謝解惑，這樣看起來有點慘@@
ANGELB (神仙B),Kazamatsuri,: 沒原卡回「饋」這樣←漏字
ANGELB (神仙B),FireSunFire,: 富邦J /Line pay，簡單方便實用！
UCCUplz (你看看你),Go2,: 同數位客服回答
UCCUplz (你看看你),linda810501,: 同數位客服
UCCUplz (你看看你),q2520q,: 同數位客服
UCCUplz (你看看你),UCCUplz,: 謝謝各位 看來就是次月底了
UCCUplz (你看看你),kmtkmtkmt,: 同數位客服
zithromax (zithromax),imrt,: 限新户哪有神？
zithromax (zithromax),dalflower,: 喔 真的假的
zithromax (zithromax),LoKira,: 扯
zithromax (zithromax),orange21,: ？？？量很大 在哪
zithromax (zithromax),wkkznny005,: 神爛
zithromax (zithromax),aspeter,: 繳稅沒？你的新聞廢文真的量很大欸
zithromax (zithromax),horusli,: 又來了
zithromax (zithromax),TrueSlav,: 神尊重
zithromax (zithromax),AlphaMC,: 神卡還需要進化？ 太扯了
zithromax (zithromax),iverson812,: 你還在啊
zithromax (zithromax),OverRaven,: ID
zithromax (zithromax),wen0408,: 需要富邦j卡專屬連結，請私訊我
zithromax (zithromax),design65,: 新光OU點點卡MOMO消費22%捏
zithromax (zithromax),jack801016,: 噓富邦
buniro (愛怡),cyqve,: 感謝
buniro (愛怡),bufferwu,: 已登，感謝
buniro (愛怡),Lukechao,: 已登
buniro (愛怡),kissung,: 3Q
buniro (愛怡),q2520q,: 已登
buniro (愛怡),western,: 已登，感謝
buniro (愛怡),biohand,: 已登3%，感謝
buniro (愛怡),jimhall,: 店外別刷這張了
buniro (愛怡),jimhall,: 不用有低消，直接可以取代幣倍卡的行動支付了
buniro (愛怡),buniro,: 我這張店外是拿來刷全聯的，樓上說的有含全聯嗎？
chet8621 (chet),ryanpiggy,: 上限30??..
chet8621 (chet),Kazamatsuri,: 跟J/JU一樣 但J/JU還可以combo JCB 10% 科科
chet8621 (chet),neilliu,: 悠遊卡上限消費300
chet8621 (chet),crgc,: 黑桃  不錯耶
chet8621 (chet),PTTis5566,: 30是什麼垃圾上限
chet8621 (chet),imlavender,": 以為少一個零,進官網還真的是30！"
chet8621 (chet),king29,: 好看
chet8621 (chet),p1587,: 看起來對胃口多了
chet8621 (chet),Kazamatsuri,: 啊就獲利王咩 J/JU回饋上限也是一樣每卡每月30
chet8621 (chet),Kazamatsuri,: 不過MOMO卡還有到年底前回饋總額50萬的但書 廠廠
chet8621 (chet),chunyulai,: 黑桃xD
chet8621 (chet),force999,: 話說J卡什麼時候才要出黑色卡面啊？
chet8621 (chet),schin5566,: 右下那個沒有黑化 失敗
chet8621 (chet),okgogogo,: logo怎沒換成銀色版
chet8621 (chet),SHENG2014,: 怎不直接說回饋100% 上限30 不是更好聽
chet8621 (chet),basterds,: 30 XD 獲利王是把申請人當乞丐施捨喔
chet8621 (chet),vgil,: 30 ？！  不愧是獲利王
chet8621 (chet),seam,: momo倒過來看就是3030，送30很合理XD
chet8621 (chet),yuenru,: 紅水，黑大板，新版舊版都好看。
chet8621 (chet),yuenru,: 5％再回來更好。
chet8621 (chet),hantulee,": 到年底都還是5%,只是分開給..."
chet8621 (chet),hantulee,:  https://i.imgur.com/v2rmerS.jpg
chet8621 (chet),chrissuper,: 才剛辦醜醜的粉色卡...
chet8621 (chet),imaray,: 比舊卡好看多
chet8621 (chet),echo0115,: 30的通路上限300還可以啦
chet8621 (chet),echo0115,: 只是滿好笑的 真的懷疑是打錯
chet8621 (chet),catuncle1,: 30其實不奇怪，因為那是要用悠遊卡支付，悠遊卡之前單
chet8621 (chet),catuncle1,: 筆最高金額是1000元，而且這三個地點單筆30也說得過去
chet8621 (chet),arclite,: 卡面不錯啊
chet8621 (chet),ddkpt,: 字面上的意思好像是悠遊卡扣款就好，不需要被一次自動加值
chet8621 (chet),ddkpt,: 五百。自己儲值三百元，花完收工？
chet8621 (chet),Kazamatsuri,: 跟J/JU一樣悠遊卡扣款每卡每月3通路共封頂300 因為沒
chet8621 (chet),Kazamatsuri,: 有像JCB有自動加值回饋 所以自己儲值也行 不過要注意
chet8621 (chet),Kazamatsuri,: MOMO卡的活動有總回饋上限50萬 額滿會公告 所以要用
chet8621 (chet),Kazamatsuri,: 之前請記得上官網確認額滿沒喔～ XD
chet8621 (chet),Kazamatsuri,": （不過J/JU是三通路分開算且沒有總回饋上限 ^^""）"
chet8621 (chet),hayden218,: 需要為了30去儲值扣款嗎....
chet8621 (chet),Kazamatsuri,: 自行決定囉～2+1月的回饋 XD
chet8621 (chet),Kazamatsuri,:                ^個
chet8621 (chet),W222,: 好看太多了啊
chet8621 (chet),KBchen,: 現有卡要怎麼換新卡面啊？
chet8621 (chet),pippen2002,: 又一張廢到笑?? 不會吧??
chet8621 (chet),barryliou01,: 為了卡面申辦了XD
chet8621 (chet),aiwheat,: 月初才剛申辦，選了綠色奇異果卡面，這黑色真的有好多了
chet8621 (chet),Freezebreeze,: 加辦 好看太多了 有時候真的不懂台灣人的美學到底出
chet8621 (chet),Freezebreeze,: 什麼問題 明明可以設計的很有質感 接受度也普遍高
chet8621 (chet),Freezebreeze,: 卻都要搞一些很摟的來羞辱民眾的品味
chet8621 (chet),hantulee,: momo這張從一推出沒多久就辦到現在，回饋金也拿了將近
chet8621 (chet),hantulee,: 兩萬，實體卡真的沒在使用，辦了之後卡還沒來就綁了momo
chet8621 (chet),hantulee,: 線上消費，卡面有差嗎？
chet8621 (chet),shsienu,: 今天看到立馬加辦，到手了再把之前的粉紅剪掉
chet8621 (chet),CtCtCt,: 還可以
chet8621 (chet),aiwheat,: 話說線上辦卡，卡未到就可以先刷，這點很不錯，
chet8621 (chet),aiwheat,: 還是覺得黑色有質感多了，希望卡片到期後，可以選黑絲的
chet8621 (chet),aiwheat,:                                         錯字→黑色 ==
chet8621 (chet),pigfish,: 好看多了！原本那個粉紅桃子挺沒質感的 奇異果也是
chet8621 (chet),barryliou01,: 收到實體卡了，覺得不錯看
Kazamatsuri (專業領隊),a79111010,: 摸摸幣ㄏㄏ
Kazamatsuri (專業領隊),basterds,: mo三小路用
Kazamatsuri (專業領隊),greatyang,: MOMO已死 有事燒紙
Kazamatsuri (專業領隊),gausong,: 如果4％還有點搞頭
Kazamatsuri (專業領隊),dalflower,: 3%momo幣 怎麼不吃大便呢
Kazamatsuri (專業領隊),eric139,: 綁台灣PAY這樣484有5%...
Kazamatsuri (專業領隊),auction88,: 刷J卡無上限3% 刷這幹嘛
Kazamatsuri (專業領隊),lavendersea,: momo幣有時效性 廢
Kazamatsuri (專業領隊),a0946113,: 獲利王你敢嘴？
Kazamatsuri (專業領隊),mark60917,: 垃圾mo幣，可憐5%我都懶得刷，還調降
Kazamatsuri (專業領隊),mumuw,: 有在買momo的覺得傷心.........
Kazamatsuri (專業領隊),ashaneba,: 加油還是用玉山商務
Kazamatsuri (專業領隊),lumpfish,: 雙11/12的mo幣都還不知道要買什麼來花掉，這個3%還要登
Kazamatsuri (專業領隊),lumpfish,: 錄…直接pass
Kazamatsuri (專業領隊),kevin190,: 沒有登陸只有1%回饋，且momo幣還有使用期限
Kazamatsuri (專業領隊),b99703117,: 別這樣嘛 mo幣不錯啊 台灣pay加持+2% 勉勉強強啦
Kazamatsuri (專業領隊),shawncarter,: 垃圾幣
Kazamatsuri (專業領隊),nikeair0207,: 每月固定有在加油推 感謝
Kazamatsuri (專業領隊),Avira,: 後悔辦momo QAQ 還是第一張卡，不能剪卡
Kazamatsuri (專業領隊),Spartaa,: 樓上可以改辦J point啊，3%無腦滿方便的
Kazamatsuri (專業領隊),Spartaa,: momo原本的優勢就是momo上5%，現在沒5%後真的還好
Kazamatsuri (專業領隊),jimhall,: 有人有注意momo綁行動支付視同店內交易這條嗎？那不就行
Kazamatsuri (專業領隊),jimhall,: 動支付無腦刷3％?其他行動支付卡爆了，可以換這張?有試過
Kazamatsuri (專業領隊),jimhall,: 的回報嗎？
Kazamatsuri (專業領隊),Go2,": 樓上 他有前提條件 ""在MOMO網""以AP/GP/SP 交易視同店內交易"
Kazamatsuri (專業領隊),Go2,: 前提沒看到 差很多
Kazamatsuri (專業領隊),micbrimac,: 廢到笑XDDD
Kazamatsuri (專業領隊),jimhall,: 感謝G大，我還真沒注意到
