Keyword,Title,URL,PublishedTime
世界卡,Re: [問題] 玉山世界卡肯驛VBO美食饗宴,https://www.ptt.cc/bbs/creditcard/M.1699421046.A.487.html,2023/11/8 13:24
世界卡,Re: [問題] 玉山世界卡肯驛VBO美食饗宴,https://www.ptt.cc/bbs/creditcard/M.1699417469.A.E0F.html,2023/11/8 12:24
世界卡,[問題] 玉山世界卡訂AGODA88折異常,https://www.ptt.cc/bbs/creditcard/M.1697700305.A.39A.html,2023/10/19 15:25
世界卡,[問題] 花旗寰宇世界卡被星展?莫名不續卡(還有15W哩),https://www.ptt.cc/bbs/creditcard/M.1697580799.A.759.html,2023/10/18 06:13
世界卡,[問題] 玉山世界卡肯驛VBO美食饗宴,https://www.ptt.cc/bbs/creditcard/M.1697419931.A.06A.html,2023/10/16 09:32
世界卡,[問題] 滙豐旅人無限卡 VS 玉山星宇航空世界卡,https://www.ptt.cc/bbs/creditcard/M.1697310737.A.334.html,2023/10/15 03:12
世界卡,[情報] 玉山世界卡第四季海外滿12000送500券,https://www.ptt.cc/bbs/creditcard/M.1697298115.A.25A.html,2023/10/14 23:41
世界卡,[建議] 關於世界卡的推薦,https://www.ptt.cc/bbs/creditcard/M.1696667245.A.AC1.html,2023/10/7 16:27
世界卡,[心得] 台中銀行 世界卡 核卡(舊戶),https://www.ptt.cc/bbs/creditcard/M.1695462628.A.CE1.html,2023/9/23 17:50
世界卡,[情報] 玉山世界卡第三季海外滿12000送500券(含星宇),https://www.ptt.cc/bbs/creditcard/M.1694585573.A.149.html,2023/9/13 14:12
世界卡,[心得] 玉山世界卡專線很難接通,https://www.ptt.cc/bbs/creditcard/M.1694317510.A.374.html,2023/9/10 11:45
世界卡,[心得] 星展花旗寰旅世界卡換卡-新卡面,https://www.ptt.cc/bbs/creditcard/M.1693554412.A.741.html,2023/9/1 15:46
現金回饋御璽卡,[心得] 渣打 現金回饋御璽卡 加辦,https://www.ptt.cc/bbs/creditcard/M.1695624342.A.7DC.html,2023/9/25 14:45
CUBE卡,Re: [情報] 國泰CUBE卡11/29起回饋改以授權日判定,https://www.ptt.cc/bbs/creditcard/M.1699758472.A.5DA.html,2023/11/12 11:07
CUBE卡,[閒聊] 國泰CUBE卡雙11哪裡買iphone比較划算?,https://www.ptt.cc/bbs/creditcard/M.1698832869.A.C50.html,2023/11/1 18:01
CUBE卡,[問題] 國泰CUBE卡日韓網購回饋計算,https://www.ptt.cc/bbs/creditcard/M.1697774693.A.E8E.html,2023/10/20 12:04
CUBE卡,[閒聊] 收到國泰世華KOKO combo卡更換的CUBE卡,https://www.ptt.cc/bbs/creditcard/M.1697725914.A.192.html,2023/10/19 22:31
CUBE卡,Re: [情報] 國泰CUBE卡11/29起回饋改以授權日判定,https://www.ptt.cc/bbs/creditcard/M.1696554821.A.611.html,2023/10/6 09:13
CUBE卡,Re: [情報] 國泰CUBE卡11/29起回饋改以授權日判,https://www.ptt.cc/bbs/creditcard/M.1696169391.A.9BE.html,2023/10/1 22:09
CUBE卡,Re: [情報] 國泰CUBE卡11/29起回饋改以授權日判定,https://www.ptt.cc/bbs/creditcard/M.1695817455.A.56E.html,2023/9/27 20:24
CUBE卡,Re: [情報] 國泰CUBE卡11/29起回饋改以授權日判定,https://www.ptt.cc/bbs/creditcard/M.1695710395.A.2D6.html,2023/9/26 14:39
CUBE卡,Re: [情報] 國泰CUBE卡11/29起回饋改以授權日判定,https://www.ptt.cc/bbs/creditcard/M.1695660070.A.5A0.html,2023/9/26 00:41
CUBE卡,[情報] 國泰CUBE卡11/29起回饋改以授權日判定,https://www.ptt.cc/bbs/creditcard/M.1695647651.A.925.html,2023/9/25 21:14
CUBE卡,[閒聊] 有用CUBE卡要注意回饋點數正不正確,https://www.ptt.cc/bbs/creditcard/M.1695468359.A.D22.html,2023/9/23 19:25
CUBE卡,Re: [閒聊] CUBE卡真的依據個人消費習慣給優惠？,https://www.ptt.cc/bbs/creditcard/M.1695448840.A.24E.html,2023/9/23 14:00
CUBE卡,[情報] 國泰CUBE卡9月登錄活動（7-11/全家10%）,https://www.ptt.cc/bbs/creditcard/M.1694095157.A.7A6.html,2023/9/7 21:59
富邦Costco聯名卡,Re: [情報] 富邦Costco聯名卡 8大通路最高享5% 第二波,https://www.ptt.cc/bbs/creditcard/M.1698818664.A.FD7.html,2023/11/1 14:04
富邦J卡,Re: [情報] 富邦J卡日韓實體加碼3% 第四季登錄規則調整,https://www.ptt.cc/bbs/creditcard/M.1697789650.A.E84.html,2023/10/20 16:14
富邦J卡,[情報] 富邦J卡日韓實體加碼3% 第四季登錄規則調整,https://www.ptt.cc/bbs/creditcard/M.1696384465.A.C3B.html,2023/10/4 09:54
富邦J卡,[情報] 富邦J卡 指定日本交通卡最高10%回饋 Q3,https://www.ptt.cc/bbs/creditcard/M.1695715560.A.17A.html,2023/9/26 16:05
富邦J卡,[心得] 台新國泰調額 富邦J卡核卡,https://www.ptt.cc/bbs/creditcard/M.1695398335.A.AFB.html,2023/9/22 23:58
富邦J卡,[情報] 富邦J卡 日本三大超商加碼4% 第三季消費,https://www.ptt.cc/bbs/creditcard/M.1695369784.A.57C.html,2023/9/22 16:03
富邦J卡,[情報] 富邦J卡 日韓加碼3% 第三季搶登錄 NOW,https://www.ptt.cc/bbs/creditcard/M.1695200277.A.3B5.html,2023/9/20 16:57
富邦J卡,Re: [情報] 富邦J卡2023年上半年權益,https://www.ptt.cc/bbs/creditcard/M.1695200072.A.D72.html,2023/9/20 16:54
富邦J卡,[心得] 富邦J卡配合的星威停車超級爛,https://www.ptt.cc/bbs/creditcard/M.1694599102.A.BFB.html,2023/9/13 17:58
中國信託鼎極卡,[閒聊] 中國信託鼎極卡客服壞掉了嗎,https://www.ptt.cc/bbs/creditcard/M.1695531953.A.DC3.html,2023/9/24 13:05
